Workbook

Sheet Export Summary
B3: This document was exported from Numbers. Each table was converted to an Excel worksheet. All other objects on each Numbers sheet were placed on separate worksheets. Please be aware that formula calculations may differ in Excel.
B7: Numbers Sheet Name | C7: Numbers Table Name | D7: Excel Worksheet Name
B9: P
C10: Table 1 | D10: P
B11: C
C12: Table 1 | D12: C
B13: P+C
C14: Table 1 | D14: P+C
B15: PV_StoragePlot
C16: Table 1 | D16: PV_StoragePlot
B17: Storage check
C18: Table 1 | D18: Storage check
B19: Nov5 Storage
C20: Table 1 | D20: Nov5 Storage
B21: Key Dates
C22: Table 1 | D22: Key Dates

Sheet P
A1: Reservoir A - Collection to Storage and Withdrawal from Storage (30-day rule)
D4: INPUT
A6: 1 | D6: 2
A7: DATA
A8: Date | B8: Year | C8: month | D8: Reservoir A
D9: (AF)
A10: 43100 | B10: {=YEAR(A10)} -> 2017 | C10: {=MONTH(A10)} -> 12 | D10: 192770
A11: 43101 | B11: {=YEAR(A11)} -> 2018 | C11: {=MONTH(A11)} -> 1 | D11: 193200
A12: 43102 | B12: {=YEAR(A12)} -> 2018 | C12: {=MONTH(A12)} -> 1 | D12: 193720
A13: 43103 | B13: {=YEAR(A13)} -> 2018 | C13: {=MONTH(A13)} -> 1 | D13: 194090
A14: 43104 | B14: {=YEAR(A14)} -> 2018 | C14: {=MONTH(A14)} -> 1 | D14: 194780
A15: 43105 | B15: {=YEAR(A15)} -> 2018 | C15: {=MONTH(A15)} -> 1 | D15: 195360
A16: 43106 | B16: {=YEAR(A16)} -> 2018 | C16: {=MONTH(A16)} -> 1 | D16: 196210
A17: 43107 | B17: {=YEAR(A17)} -> 2018 | C17: {=MONTH(A17)} -> 1 | D17: 197470
A18: 43108 | B18: {=YEAR(A18)} -> 2018 | C18: {=MONTH(A18)} -> 1 | D18: 197280
A19: 43109 | B19: {=YEAR(A19)} -> 2018 | C19: {=MONTH(A19)} -> 1 | D19: 197580
A20: 43110 | B20: {=YEAR(A20)} -> 2018 | C20: {=MONTH(A20)} -> 1 | D20: 196450
A21: 43111 | B21: {=YEAR(A21)} -> 2018 | C21: {=MONTH(A21)} -> 1 | D21: 195320
... A2506: 45596 | B2506: {=YEAR(A2506)} -> 2024 | C2506: {=MONTH(A2506)} -> 10 | D2506: 148800
A2507: {=A2506+1} -> 45597 | B2507: {=YEAR(A2507)} -> 2024 | C2507: {=MONTH(A2507)} -> 11 | D2507: 148730
A2508: {=A2507+1} -> 45598 | B2508: {=YEAR(A2508)} -> 2024 | C2508: {=MONTH(A2508)} -> 11 | D2508: 149250
A2509: {=A2508+1} -> 45599 | B2509: {=YEAR(A2509)} -> 2024 | C2509: {=MONTH(A2509)} -> 11 | D2509: 149800
A2510: {=A2509+1} -> 45600 | B2510: {=YEAR(A2510)} -> 2024 | C2510: {=MONTH(A2510)} -> 11 | D2510: 150680
A2511: {=A2510+1} -> 45601 | B2511: {=YEAR(A2511)} -> 2024 | C2511: {=MONTH(A2511)} -> 11 | D2511: 151450
A2512: {=A2511+1} -> 45602 | B2512: {=YEAR(A2512)} -> 2024 | C2512: {=MONTH(A2512)} -> 11 | D2512: 152210
A2513: {=A2512+1} -> 45603 | B2513: {=YEAR(A2513)} -> 2024 | C2513: {=MONTH(A2513)} -> 11 | D2513: 152930
A2514: {=A2513+1} -> 45604 | B2514: {=YEAR(A2514)} -> 2024 | C2514: {=MONTH(A2514)} -> 11 | D2514: 153660
A2515: {=A2514+1} -> 45605 | B2515: {=YEAR(A2515)} -> 2024 | C2515: {=MONTH(A2515)} -> 11 | D2515: 154370
A2516: {=A2515+1} -> 45606 | B2516: {=YEAR(A2516)} -> 2024 | C2516: {=MONTH(A2516)} -> 11 | D2516: 155100
A2517: {=A2516+1} -> 45607 | B2517: {=YEAR(A2517)} -> 2024 | C2517: {=MONTH(A2517)} -> 11 | D2517: 155870
A2518: {=A2517+1} -> 45608 | B2518: {=YEAR(A2518)} -> 2024 | C2518: {=MONTH(A2518)} -> 11 | D2518: 156660
... A2872: {=A2871+1} -> 45962 | B2872: {=YEAR(A2872)} -> 2025 | C2872: {=MONTH(A2872)} -> 11 | D2872: 185520

Sheet C
A1: Reservoir B - Collection to Storage and Withdrawal from Storage (30-day rule)
D4: INPUT | E4: INPUT | I4: INPUT/Calc
A6: 1 | F6: 2 | G6: 3 | H6: 4 | I6: 4.1 | J6: 4.2 | K6: 5 | N6: 6 | O6: 7 | P6: 8 | S6: 9 | U6: 10 | V6: 11
A7: DATA | K7: Collection to Storage | S7: Withdrawal from Storage
A8: Date | B8: Year | C8: month | D8: P | E8: Reservoir B | F8: Reservoir B only | G8: Storage Change | H8: Storage Gain | I8: Moving Maximum from Starting Date | J8: check (starting date) | K8: Initial Collection to Storage | L8: Forward 30-day Moving Minimum | M8: +ΔS | N8: Refill Collection | O8: Total Collection to Storage | P8: Regulatory Collection to Storage | Q8: Cumulative Initial Collection between Reg Collections | R8: Remaining Cumulative Reg Collection | S8: Storage Loss | T8: WD | U8: WD from Storage | V8: Regulatory WD | X8: Manual Corrections
D9: (AF) | F9: (AF) | G9: (AF) | H9: (AF) | K9: (AF) | N9: (AF) | O9: (AF) | P9: (AF) | S9: (AF) | U9: (AF) | V9: (AF)
A10: 43100 | B10: {=YEAR(A10)} -> 2017 | C10: {=MONTH(A10)} -> 12 | E10: 303310 | F10: {=E10} -> 303310 | I10: {=MAX($F$10:F10)} -> 303310
A11: 43101 | B11: {=YEAR(A11)} -> 2018 | C11: {=MONTH(A11)} -> 1 | E11: 302740 | F11: {=E11} -> 302740 | G11: {=F11-F10} -> -570 | H11: {=IF(G11>0,G11,0)} -> 0 | I11: {=MAX($F$10:F11)} -> 303310 | K11: {=MAX(0,I11-I10)} -> 0 | L11: {=MIN(F11:F40)} -> 299400 | M11: {=MAX(0,L11-L10)} -> 299400 | N11: {=MIN(M11,H11-K11)} -> 0 | O11: {=K11+N11} -> 0 | P11: {=H11-O11} -> 0 | Q11: {=MAX(0,IF(AND(K11=0,P11>0),0,Q10+K11+U10))} -> 0 | R11: {=MAX(0,R10+P11+V10)} -> 0 | S11: {=IF(G11<0,G11,0)} -> -570 | T11: {=MIN(0,S11+R10+V10)} -> -570 | U11: {=MAX(S11,IF(Q11>0,MAX(-Q11,S11),T11))} -> -570 | V11: {=S11-U11} -> 0
A12: 43102 | B12: {=YEAR(A12)} -> 2018 | C12: {=MONTH(A12)} -> 1 | E12: 302030 | F12: {=E12} -> 302030 | G12: {=F12-F11} -> -710 | H12: {=IF(G12>0,G12,0)} -> 0 | I12: {=MAX($F$10:F12)} -> 303310 | K12: {=MAX(0,I12-I11)} -> 0 | L12: {=MIN(F12:F41)} -> 299400 | M12: {=MAX(0,L12-L11)} -> 0 | N12: {=MIN(M12,H12-K12)} -> 0 | O12: {=K12+N12} -> 0 | P12: {=H12-O12} -> 0 | Q12: {=MAX(0,IF(AND(K12=0,P12>0),0,Q11+K12+U11))} -> 0 | R12: {=MAX(0,R11+P12+V11)} -> 0 | S12: {=IF(G12<0,G12,0)} -> -710 | T12: {=MIN(0,S12+R11+V11)} -> -710 | U12: {=MAX(S12,IF(Q12>0,MAX(-Q12,S12),T12))} -> -710 | V12: {=S12-U12} -> 0
A13: 43103 | B13: {=YEAR(A13)} -> 2018 | C13: {=MONTH(A13)} -> 1 | E13: 301770 | F13: {=E13} -> 301770 | G13: {=F13-F12} -> -260 | H13: {=IF(G13>0,G13,0)} -> 0 | I13: {=MAX($F$10:F13)} -> 303310 | K13: {=MAX(0,I13-I12)} -> 0 | L13: {=MIN(F13:F42)} -> 299400 | M13: {=MAX(0,L13-L12)} -> 0 | N13: {=MIN(M13,H13-K13)} -> 0 | O13: {=K13+N13} -> 0 | P13: {=H13-O13} -> 0 | Q13: {=MAX(0,IF(AND(K13=0,P13>0),0,Q12+K13+U12))} -> 0 | R13: {=MAX(0,R12+P13+V12)} -> 0 | S13: {=IF(G13<0,G13,0)} -> -260 | T13: {=MIN(0,S13+R12+V12)} -> -260 | U13: {=MAX(S13,IF(Q13>0,MAX(-Q13,S13),T13))} -> -260 | V13: {=S13-U13} -> 0
A14: 43104 | B14: {=YEAR(A14)} -> 2018 | C14: {=MONTH(A14)} -> 1 | E14: 301130 | F14: {=E14} -> 301130 | G14: {=F14-F13} -> -640 | H14: {=IF(G14>0,G14,0)} -> 0 | I14: {=MAX($F$10:F14)} -> 303310 | K14: {=MAX(0,I14-I13)} -> 0 | L14: {=MIN(F14:F43)} -> 299400 | M14: {=MAX(0,L14-L13)} -> 0 | N14: {=MIN(M14,H14-K14)} -> 0 | O14: {=K14+N14} -> 0 | P14: {=H14-O14} -> 0 | Q14: {=MAX(0,IF(AND(K14=0,P14>0),0,Q13+K14+U13))} -> 0 | R14: {=MAX(0,R13+P14+V13)} -> 0 | S14: {=IF(G14<0,G14,0)} -> -640 | T14: {=MIN(0,S14+R13+V13)} -> -640 | U14: {=MAX(S14,IF(Q14>0,MAX(-Q14,S14),T14))} -> -640 | V14: {=S14-U14} -> 0
A15: 43105 | B15: {=YEAR(A15)} -> 2018 | C15: {=MONTH(A15)} -> 1 | E15: 300490 | F15: {=E15} -> 300490 | G15: {=F15-F14} -> -640 | H15: {=IF(G15>0,G15,0)} -> 0 | I15: {=MAX($F$10:F15)} -> 303310 | K15: {=MAX(0,I15-I14)} -> 0 | L15: {=MIN(F15:F44)} -> 299400 | M15: {=MAX(0,L15-L14)} -> 0 | N15: {=MIN(M15,H15-K15)} -> 0 | O15: {=K15+N15} -> 0 | P15: {=H15-O15} -> 0 | Q15: {=MAX(0,IF(AND(K15=0,P15>0),0,Q14+K15+U14))} -> 0 | R15: {=MAX(0,R14+P15+V14)} -> 0 | S15: {=IF(G15<0,G15,0)} -> -640 | T15: {=MIN(0,S15+R14+V14)} -> -640 | U15: {=MAX(S15,IF(Q15>0,MAX(-Q15,S15),T15))} -> -640 | V15: {=S15-U15} -> 0
A16: 43106 | B16: {=YEAR(A16)} -> 2018 | C16: {=MONTH(A16)} -> 1 | E16: 299970 | F16: {=E16} -> 299970 | G16: {=F16-F15} -> -520 | H16: {=IF(G16>0,G16,0)} -> 0 | I16: {=MAX($F$10:F16)} -> 303310 | K16: {=MAX(0,I16-I15)} -> 0 | L16: {=MIN(F16:F45)} -> 299400 | M16: {=MAX(0,L16-L15)} -> 0 | N16: {=MIN(M16,H16-K16)} -> 0 | O16: {=K16+N16} -> 0 | P16: {=H16-O16} -> 0 | Q16: {=MAX(0,IF(AND(K16=0,P16>0),0,Q15+K16+U15))} -> 0 | R16: {=MAX(0,R15+P16+V15)} -> 0 | S16: {=IF(G16<0,G16,0)} -> -520 | T16: {=MIN(0,S16+R15+V15)} -> -520 | U16: {=MAX(S16,IF(Q16>0,MAX(-Q16,S16),T16))} -> -520 | V16: {=S16-U16} -> 0
A17: 43107 | B17: {=YEAR(A17)} -> 2018 | C17: {=MONTH(A17)} -> 1 | E17: 299400 | F17: {=E17} -> 299400 | G17: {=F17-F16} -> -570 | H17: {=IF(G17>0,G17,0)} -> 0 | I17: {=MAX($F$10:F17)} -> 303310 | K17: {=MAX(0,I17-I16)} -> 0 | L17: {=MIN(F17:F46)} -> 299400 | M17: {=MAX(0,L17-L16)} -> 0 | N17: {=MIN(M17,H17-K17)} -> 0 | O17: {=K17+N17} -> 0 | P17: {=H17-O17} -> 0 | Q17: {=MAX(0,IF(AND(K17=0,P17>0),0,Q16+K17+U16))} -> 0 | R17: {=MAX(0,R16+P17+V16)} -> 0 | S17: {=IF(G17<0,G17,0)} -> -570 | T17: {=MIN(0,S17+R16+V16)} -> -570 | U17: {=MAX(S17,IF(Q17>0,MAX(-Q17,S17),T17))} -> -570 | V17: {=S17-U17} -> 0
A18: 43108 | B18: {=YEAR(A18)} -> 2018 | C18: {=MONTH(A18)} -> 1 | E18: 300810 | F18: {=E18} -> 300810 | G18: {=F18-F17} -> 1410 | H18: {=IF(G18>0,G18,0)} -> 1410 | I18: {=MAX($F$10:F18)} -> 303310 | K18: {=MAX(0,I18-I17)} -> 0 | L18: {=MIN(F18:F47)} -> 300810 | M18: {=MAX(0,L18-L17)} -> 1410 | N18: {=MIN(M18,H18-K18)} -> 1410 | O18: {=K18+N18} -> 1410 | P18: {=H18-O18} -> 0 | Q18: {=MAX(0,IF(AND(K18=0,P18>0),0,Q17+K18+U17))} -> 0 | R18: {=MAX(0,R17+P18+V17)} -> 0 | S18: {=IF(G18<0,G18,0)} -> 0 | T18: {=MIN(0,S18+R17+V17)} -> 0 | U18: {=MAX(S18,IF(Q18>0,MAX(-Q18,S18),T18))} -> 0 | V18: {=S18-U18} -> 0
A19: 43109 | B19: {=YEAR(A19)} -> 2018 | C19: {=MONTH(A19)} -> 1 | E19: 302160 | F19: {=E19} -> 302160 | G19: {=F19-F18} -> 1350 | H19: {=IF(G19>0,G19,0)} -> 1350 | I19: {=MAX($F$10:F19)} -> 303310 | K19: {=MAX(0,I19-I18)} -> 0 | L19: {=MIN(F19:F48)} -> 302160 | M19: {=MAX(0,L19-L18)} -> 1350 | N19: {=MIN(M19,H19-K19)} -> 1350 | O19: {=K19+N19} -> 1350 | P19: {=H19-O19} -> 0 | Q19: {=MAX(0,IF(AND(K19=0,P19>0),0,Q18+K19+U18))} -> 0 | R19: {=MAX(0,R18+P19+V18)} -> 0 | S19: {=IF(G19<0,G19,0)} -> 0 | T19: {=MIN(0,S19+R18+V18)} -> 0 | U19: {=MAX(S19,IF(Q19>0,MAX(-Q19,S19),T19))} -> 0 | V19: {=S19-U19} -> 0
A20: 43110 | B20: {=YEAR(A20)} -> 2018 | C20: {=MONTH(A20)} -> 1 | E20: 303890 | F20: {=E20} -> 303890 | G20: {=F20-F19} -> 1730 | H20: {=IF(G20>0,G20,0)} -> 1730 | I20: {=MAX($F$10:F20)} -> 303890 | K20: {=MAX(0,I20-I19)} -> 580 | L20: {=MIN(F20:F49)} -> 303890 | M20: {=MAX(0,L20-L19)} -> 1730 | N20: {=MIN(M20,H20-K20)} -> 1150 | O20: {=K20+N20} -> 1730 | P20: {=H20-O20} -> 0 | Q20: {=MAX(0,IF(AND(K20=0,P20>0),0,Q19+K20+U19))} -> 580 | R20: {=MAX(0,R19+P20+V19)} -> 0 | S20: {=IF(G20<0,G20,0)} -> 0 | T20: {=MIN(0,S20+R19+V19)} -> 0 | U20: {=MAX(S20,IF(Q20>0,MAX(-Q20,S20),T20))} -> 0 | V20: {=S20-U20} -> 0
A21: 43111 | B21: {=YEAR(A21)} -> 2018 | C21: {=MONTH(A21)} -> 1 | E21: 305050 | F21: {=E21} -> 305050 | G21: {=F21-F20} -> 1160 | H21: {=IF(G21>0,G21,0)} -> 1160 | I21: {=MAX($F$10:F21)} -> 305050 | K21: {=MAX(0,I21-I20)} -> 1160 | L21: {=MIN(F21:F50)} -> 305050 | M21: {=MAX(0,L21-L20)} -> 1160 | N21: {=MIN(M21,H21-K21)} -> 0 | O21: {=K21+N21} -> 1160 | P21: {=H21-O21} -> 0 | Q21: {=MAX(0,IF(AND(K21=0,P21>0),0,Q20+K21+U20))} -> 1740 | R21: {=MAX(0,R20+P21+V20)} -> 0 | S21: {=IF(G21<0,G21,0)} -> 0 | T21: {=MIN(0,S21+R20+V20)} -> 0 | U21: {=MAX(S21,IF(Q21>0,MAX(-Q21,S21),T21))} -> 0 | V21: {=S21-U21} -> 0
A22: 43112 | B22: {=YEAR(A22)} -> 2018 | C22: {=MONTH(A22)} -> 1 | E22: 306350 | F22: {=E22} -> 306350 | G22: {=F22-F21} -> 1300 | H22: {=IF(G22>0,G22,0)} -> 1300 | I22: {=MAX($F$10:F22)} -> 306350 | K22: {=MAX(0,I22-I21)} -> 1300 | L22: {=MIN(F22:F51)} -> 306350 | M22: {=MAX(0,L22-L21)} -> 1300 | N22: {=MIN(M22,H22-K22)} -> 0 | O22: {=K22+N22} -> 1300 | P22: {=H22-O22} -> 0 | Q22: {=MAX(0,IF(AND(K22=0,P22>0),0,Q21+K22+U21))} -> 3040 | R22: {=MAX(0,R21+P22+V21)} -> 0 | S22: {=IF(G22<0,G22,0)} -> 0 | T22: {=MIN(0,S22+R21+V21)} -> 0 | U22: {=MAX(S22,IF(Q22>0,MAX(-Q22,S22),T22))} -> 0 | V22: {=S22-U22} -> 0
... A66: 43156 | B66: {=YEAR(A66)} -> 2018 | C66: {=MONTH(A66)} -> 2 | E66: 304410 | F66: {=E66} -> 304410 | G66: {=F66-F65} -> -640 | H66: {=IF(G66>0,G66,0)} -> 0 | I66: {=MAX($F$10:F66)} -> 317760 | K66: {=MAX(0,I66-I65)} -> 0 | L66: {=MIN(F66:F95)} -> 298250 | M66: {=MAX(0,L66-L65)} -> 0 | N66: {=MIN(M66,H66-K66)} -> 0 | O66: {=K66+N66} -> 0 | P66: {=H66-O66} -> 0 | Q66: {=MAX(0,IF(AND(K66=0,P66>0),0,Q65+K66+U65))} -> 1740 | R66: {=MAX(0,R65+P66+V65)} -> 0 | S66: {=IF(G66<0,G66,0)} -> -640 | T66: {=MIN(0,S66+R65+V65)} -> -640 | U66: {=MAX(S66,IF(Q66>0,MAX(-Q66,S66),T66))} -> -640 | V66: {=S66-U66} -> 0
A67: 43157 | B67: {=YEAR(A67)} -> 2018 | C67: {=MONTH(A67)} -> 2 | E67: 303960 | F67: {=E67} -> 303960 | G67: {=F67-F66} -> -450 | H67: {=IF(G67>0,G67,0)} -> 0 | I67: {=MAX($F$10:F67)} -> 317760 | K67: {=MAX(0,I67-I66)} -> 0 | L67: {=MIN(F67:F96)} -> 298250 | M67: {=MAX(0,L67-L66)} -> 0 | N67: {=MIN(M67,H67-K67)} -> 0 | O67: {=K67+N67} -> 0 | P67: {=H67-O67} -> 0 | Q67: {=MAX(0,IF(AND(K67=0,P67>0),0,Q66+K67+U66))} -> 1100 | R67: {=MAX(0,R66+P67+V66)} -> 0 | S67: {=IF(G67<0,G67,0)} -> -450 | T67: {=MIN(0,S67+R66+V66)} -> -450 | U67: -450 | V67: {=S67-U67} -> 0
A68: 43158 | B68: {=YEAR(A68)} -> 2018 | C68: {=MONTH(A68)} -> 2 | E68: 303310 | F68: {=E68} -> 303310 | G68: {=F68-F67} -> -650 | H68: {=IF(G68>0,G68,0)} -> 0 | I68: {=MAX($F$10:F68)} -> 317760 | K68: {=MAX(0,I68-I67)} -> 0 | L68: {=MIN(F68:F97)} -> 298250 | M68: {=MAX(0,L68-L67)} -> 0 | N68: {=MIN(M68,H68-K68)} -> 0 | O68: {=K68+N68} -> 0 | P68: {=H68-O68} -> 0 | Q68: {=MAX(0,IF(AND(K68=0,P68>0),0,Q67+K68+U67))} -> 650 | R68: {=MAX(0,R67+P68+V67)} -> 0 | S68: {=IF(G68<0,G68,0)} -> -650 | T68: {=MIN(0,S68+R67+V67)} -> -650 | U68: {=MAX(S68,IF(Q68>0,MAX(-Q68,S68),T68))} -> -650 | V68: {=S68-U68} -> 0
A69: 43159 | B69: {=YEAR(A69)} -> 2018 | C69: {=MONTH(A69)} -> 2 | E69: 302800 | F69: {=E69} -> 302800 | G69: {=F69-F68} -> -510 | H69: {=IF(G69>0,G69,0)} -> 0 | I69: {=MAX($F$10:F69)} -> 317760 | K69: {=MAX(0,I69-I68)} -> 0 | L69: {=MIN(F69:F98)} -> 298250 | M69: {=MAX(0,L69-L68)} -> 0 | N69: {=MIN(M69,H69-K69)} -> 0 | O69: {=K69+N69} -> 0 | P69: {=H69-O69} -> 0 | Q69: {=MAX(0,IF(AND(K69=0,P69>0),0,Q68+K69+U68))} -> 0 | R69: {=MAX(0,R68+P69+V68)} -> 0 | S69: {=IF(G69<0,G69,0)} -> -510 | T69: {=MIN(0,S69+R68+V68)} -> -510 | U69: {=MAX(S69,IF(Q69>0,MAX(-Q69,S69),T69))} -> -510 | V69: {=S69-U69} -> 0
A70: 43160 | B70: {=YEAR(A70)} -> 2018 | C70: {=MONTH(A70)} -> 3 | E70: 302410 | F70: {=E70} -> 302410 | G70: {=F70-F69} -> -390 | H70: {=IF(G70>0,G70,0)} -> 0 | I70: {=MAX($F$10:F70)} -> 317760 | K70: {=MAX(0,I70-I69)} -> 0 | L70: {=MIN(F70:F99)} -> 298250 | M70: {=MAX(0,L70-L69)} -> 0 | N70: {=MIN(M70,H70-K70)} -> 0 | O70: {=K70+N70} -> 0 | P70: {=H70-O70} -> 0 | Q70: {=MAX(0,IF(AND(K70=0,P70>0),0,Q69+K70+U69))} -> 0 | R70: {=MAX(0,R69+P70+V69)} -> 0 | S70: {=IF(G70<0,G70,0)} -> -390 | T70: {=MIN(0,S70+R69+V69)} -> -390 | U70: {=MAX(S70,IF(Q70>0,MAX(-Q70,S70),T70))} -> -390 | V70: {=S70-U70} -> 0
A71: 43161 | B71: {=YEAR(A71)} -> 2018 | C71: {=MONTH(A71)} -> 3 | E71: 302160 | F71: {=E71} -> 302160 | G71: {=F71-F70} -> -250 | H71: {=IF(G71>0,G71,0)} -> 0 | I71: {=MAX($F$10:F71)} -> 317760 | K71: {=MAX(0,I71-I70)} -> 0 | L71: {=MIN(F71:F100)} -> 298250 | M71: {=MAX(0,L71-L70)} -> 0 | N71: {=MIN(M71,H71-K71)} -> 0 | O71: {=K71+N71} -> 0 | P71: {=H71-O71} -> 0 | Q71: {=MAX(0,IF(AND(K71=0,P71>0),0,Q70+K71+U70))} -> 0 | R71: {=MAX(0,R70+P71+V70)} -> 0 | S71: {=IF(G71<0,G71,0)} -> -250 | T71: {=MIN(0,S71+R70+V70)} -> -250 | U71: {=MAX(S71,IF(Q71>0,MAX(-Q71,S71),T71))} -> -250 | V71: {=S71-U71} -> 0
A72: 43162 | B72: {=YEAR(A72)} -> 2018 | C72: {=MONTH(A72)} -> 3 | E72: 301770 | F72: {=E72} -> 301770 | G72: {=F72-F71} -> -390 | H72: {=IF(G72>0,G72,0)} -> 0 | I72: {=MAX($F$10:F72)} -> 317760 | K72: {=MAX(0,I72-I71)} -> 0 | L72: {=MIN(F72:F101)} -> 298250 | M72: {=MAX(0,L72-L71)} -> 0 | N72: {=MIN(M72,H72-K72)} -> 0 | O72: {=K72+N72} -> 0 | P72: {=H72-O72} -> 0 | Q72: {=MAX(0,IF(AND(K72=0,P72>0),0,Q71+K72+U71))} -> 0 | R72: {=MAX(0,R71+P72+V71)} -> 0 | S72: {=IF(G72<0,G72,0)} -> -390 | T72: {=MIN(0,S72+R71+V71)} -> -390 | U72: {=MAX(S72,IF(Q72>0,MAX(-Q72,S72),T72))} -> -390 | V72: {=S72-U72} -> 0
A73: 43163 | B73: {=YEAR(A73)} -> 2018 | C73: {=MONTH(A73)} -> 3 | E73: 301060 | F73: {=E73} -> 301060 | G73: {=F73-F72} -> -710 | H73: {=IF(G73>0,G73,0)} -> 0 | I73: {=MAX($F$10:F73)} -> 317760 | K73: {=MAX(0,I73-I72)} -> 0 | L73: {=MIN(F73:F102)} -> 298250 | M73: {=MAX(0,L73-L72)} -> 0 | N73: {=MIN(M73,H73-K73)} -> 0 | O73: {=K73+N73} -> 0 | P73: {=H73-O73} -> 0 | Q73: {=MAX(0,IF(AND(K73=0,P73>0),0,Q72+K73+U72))} -> 0 | R73: {=MAX(0,R72+P73+V72)} -> 0 | S73: {=IF(G73<0,G73,0)} -> -710 | T73: {=MIN(0,S73+R72+V72)} -> -710 | U73: {=MAX(S73,IF(Q73>0,MAX(-Q73,S73),T73))} -> -710 | V73: {=S73-U73} -> 0
A74: 43164 | B74: {=YEAR(A74)} -> 2018 | C74: {=MONTH(A74)} -> 3 | E74: 300420 | F74: {=E74} -> 300420 | G74: {=F74-F73} -> -640 | H74: {=IF(G74>0,G74,0)} -> 0 | I74: {=MAX($F$10:F74)} -> 317760 | K74: {=MAX(0,I74-I73)} -> 0 | L74: {=MIN(F74:F103)} -> 298250 | M74: {=MAX(0,L74-L73)} -> 0 | N74: {=MIN(M74,H74-K74)} -> 0 | O74: {=K74+N74} -> 0 | P74: {=H74-O74} -> 0 | Q74: {=MAX(0,IF(AND(K74=0,P74>0),0,Q73+K74+U73))} -> 0 | R74: {=MAX(0,R73+P74+V73)} -> 0 | S74: {=IF(G74<0,G74,0)} -> -640 | T74: {=MIN(0,S74+R73+V73)} -> -640 | U74: {=MAX(S74,IF(Q74>0,MAX(-Q74,S74),T74))} -> -640 | V74: {=S74-U74} -> 0
A75: 43165 | B75: {=YEAR(A75)} -> 2018 | C75: {=MONTH(A75)} -> 3 | E75: 299780 | F75: {=E75} -> 299780 | G75: {=F75-F74} -> -640 | H75: {=IF(G75>0,G75,0)} -> 0 | I75: {=MAX($F$10:F75)} -> 317760 | K75: {=MAX(0,I75-I74)} -> 0 | L75: {=MIN(F75:F104)} -> 298250 | M75: {=MAX(0,L75-L74)} -> 0 | N75: {=MIN(M75,H75-K75)} -> 0 | O75: {=K75+N75} -> 0 | P75: {=H75-O75} -> 0 | Q75: {=MAX(0,IF(AND(K75=0,P75>0),0,Q74+K75+U74))} -> 0 | R75: {=MAX(0,R74+P75+V74)} -> 0 | S75: {=IF(G75<0,G75,0)} -> -640 | T75: {=MIN(0,S75+R74+V74)} -> -640 | U75: {=MAX(S75,IF(Q75>0,MAX(-Q75,S75),T75))} -> -640 | V75: {=S75-U75} -> 0
A76: 43166 | B76: {=YEAR(A76)} -> 2018 | C76: {=MONTH(A76)} -> 3 | E76: 299020 | F76: {=E76} -> 299020 | G76: {=F76-F75} -> -760 | H76: {=IF(G76>0,G76,0)} -> 0 | I76: {=MAX($F$10:F76)} -> 317760 | K76: {=MAX(0,I76-I75)} -> 0 | L76: {=MIN(F76:F105)} -> 298250 | M76: {=MAX(0,L76-L75)} -> 0 | N76: {=MIN(M76,H76-K76)} -> 0 | O76: {=K76+N76} -> 0 | P76: {=H76-O76} -> 0 | Q76: {=MAX(0,IF(AND(K76=0,P76>0),0,Q75+K76+U75))} -> 0 | R76: {=MAX(0,R75+P76+V75)} -> 0 | S76: {=IF(G76<0,G76,0)} -> -760 | T76: {=MIN(0,S76+R75+V75)} -> -760 | U76: {=MAX(S76,IF(Q76>0,MAX(-Q76,S76),T76))} -> -760 | V76: {=S76-U76} -> 0
A77: 43167 | B77: {=YEAR(A77)} -> 2018 | C77: {=MONTH(A77)} -> 3 | E77: 298700 | F77: {=E77} -> 298700 | G77: {=F77-F76} -> -320 | H77: {=IF(G77>0,G77,0)} -> 0 | I77: {=MAX($F$10:F77)} -> 317760 | K77: {=MAX(0,I77-I76)} -> 0 | L77: {=MIN(F77:F106)} -> 298250 | M77: {=MAX(0,L77-L76)} -> 0 | N77: {=MIN(M77,H77-K77)} -> 0 | O77: {=K77+N77} -> 0 | P77: {=H77-O77} -> 0 | Q77: {=MAX(0,IF(AND(K77=0,P77>0),0,Q76+K77+U76))} -> 0 | R77: {=MAX(0,R76+P77+V76)} -> 0 | S77: {=IF(G77<0,G77,0)} -> -320 | T77: {=MIN(0,S77+R76+V76)} -> -320 | U77: {=MAX(S77,IF(Q77>0,MAX(-Q77,S77),T77))} -> -320 | V77: {=S77-U77} -> 0
A78: 43168 | B78: {=YEAR(A78)} -> 2018 | C78: {=MONTH(A78)} -> 3 | E78: 298500 | F78: {=E78} -> 298500 | G78: {=F78-F77} -> -200 | H78: {=IF(G78>0,G78,0)} -> 0 | I78: {=MAX($F$10:F78)} -> 317760 | K78: {=MAX(0,I78-I77)} -> 0 | L78: {=MIN(F78:F107)} -> 298250 | M78: {=MAX(0,L78-L77)} -> 0 | N78: {=MIN(M78,H78-K78)} -> 0 | O78: {=K78+N78} -> 0 | P78: {=H78-O78} -> 0 | Q78: {=MAX(0,IF(AND(K78=0,P78>0),0,Q77+K78+U77))} -> 0 | R78: {=MAX(0,R77+P78+V77)} -> 0 | S78: {=IF(G78<0,G78,0)} -> -200 | T78: {=MIN(0,S78+R77+V77)} -> -200 | U78: {=MAX(S78,IF(Q78>0,MAX(-Q78,S78),T78))} -> -200 | V78: {=S78-U78} -> 0
A79: 43169 | B79: {=YEAR(A79)} -> 2018 | C79: {=MONTH(A79)} -> 3 | E79: 298250 | F79: {=E79} -> 298250 | G79: {=F79-F78} -> -250 | H79: {=IF(G79>0,G79,0)} -> 0 | I79: {=MAX($F$10:F79)} -> 317760 | K79: {=MAX(0,I79-I78)} -> 0 | L79: {=MIN(F79:F108)} -> 298250 | M79: {=MAX(0,L79-L78)} -> 0 | N79: {=MIN(M79,H79-K79)} -> 0 | O79: {=K79+N79} -> 0 | P79: {=H79-O79} -> 0 | Q79: {=MAX(0,IF(AND(K79=0,P79>0),0,Q78+K79+U78))} -> 0 | R79: {=MAX(0,R78+P79+V78)} -> 0 | S79: {=IF(G79<0,G79,0)} -> -250 | T79: {=MIN(0,S79+R78+V78)} -> -250 | U79: {=MAX(S79,IF(Q79>0,MAX(-Q79,S79),T79))} -> -250 | V79: {=S79-U79} -> 0
... A346: 43436 | B346: {=YEAR(A346)} -> 2018 | C346: {=MONTH(A346)} -> 12 | E346: 296400 | F346: {=E346} -> 296400 | G346: {=F346-F345} -> -450 | H346: {=IF(G346>0,G346,0)} -> 0 | I346: {=MAX($F$10:F346)} -> 391480 | K346: {=MAX(0,I346-I345)} -> 0 | L346: {=MIN(F346:F375)} -> 296270 | M346: {=MAX(0,L346-L345)} -> 0 | N346: {=MIN(M346,H346-K346)} -> 0 | O346: {=K346+N346} -> 0 | P346: {=H346-O346} -> 0 | Q346: {=MAX(0,IF(AND(K346=0,P346>0),0,Q345+K346+U345))} -> 0 | R346: {=MAX(0,R345+P346+V345)} -> 0 | S346: {=IF(G346<0,G346,0)} -> -450 | T346: {=MIN(0,S346+R345+V345)} -> -450 | U346: {=MAX(S346,IF(Q346>0,MAX(-Q346,S346),T346))} -> -450 | V346: {=S346-U346} -> 0
A347: 43437 | B347: {=YEAR(A347)} -> 2018 | C347: {=MONTH(A347)} -> 12 | E347: 296270 | F347: {=E347} -> 296270 | G347: {=F347-F346} -> -130 | H347: {=IF(G347>0,G347,0)} -> 0 | I347: {=MAX($F$347:F347)} -> 296270 | J347: <--- | K347: {=MAX(0,I347-I346)} -> 0 | L347: {=MIN(F347:F376)} -> 296270 | M347: {=MAX(0,L347-L346)} -> 0 | N347: {=MIN(M347,H347-K347)} -> 0 | O347: {=K347+N347} -> 0 | P347: {=H347-O347} -> 0 | Q347: {=MAX(0,IF(AND(K347=0,P347>0),0,Q346+K347+U346))} -> 0 | R347: {=MAX(0,R346+P347+V346)} -> 0 | S347: {=IF(G347<0,G347,0)} -> -130 | T347: {=MIN(0,S347+R346+V346)} -> -130 | U347: {=MAX(S347,IF(Q347>0,MAX(-Q347,S347),T347))} -> -130 | V347: {=S347-U347} -> 0
A348: 43438 | B348: {=YEAR(A348)} -> 2018 | C348: {=MONTH(A348)} -> 12 | E348: 296850 | F348: {=E348} -> 296850 | G348: {=F348-F347} -> 580 | H348: {=IF(G348>0,G348,0)} -> 580 | I348: {=MAX($F$347:F348)} -> 296850 | K348: {=MAX(0,I348-I347)} -> 580 | L348: {=MIN(F348:F377)} -> 296850 | M348: {=MAX(0,L348-L347)} -> 580 | N348: {=MIN(M348,H348-K348)} -> 0 | O348: {=K348+N348} -> 580 | P348: {=H348-O348} -> 0 | Q348: {=MAX(0,IF(AND(K348=0,P348>0),0,Q347+K348+U347))} -> 450 | R348: {=MAX(0,R347+P348+V347)} -> 0 | S348: {=IF(G348<0,G348,0)} -> 0 | T348: {=MIN(0,S348+R347+V347)} -> 0 | U348: {=MAX(S348,IF(Q348>0,MAX(-Q348,S348),T348))} -> 0 | V348: {=S348-U348} -> 0
A349: 43439 | B349: {=YEAR(A349)} -> 2018 | C349: {=MONTH(A349)} -> 12 | E349: 297800 | F349: {=E349} -> 297800 | G349: {=F349-F348} -> 950 | H349: {=IF(G349>0,G349,0)} -> 950 | I349: {=MAX($F$347:F349)} -> 297800 | K349: {=MAX(0,I349-I348)} -> 950 | L349: {=MIN(F349:F378)} -> 297800 | M349: {=MAX(0,L349-L348)} -> 950 | N349: {=MIN(M349,H349-K349)} -> 0 | O349: {=K349+N349} -> 950 | P349: {=H349-O349} -> 0 | Q349: {=MAX(0,IF(AND(K349=0,P349>0),0,Q348+K349+U348))} -> 1400 | R349: {=MAX(0,R348+P349+V348)} -> 0 | S349: {=IF(G349<0,G349,0)} -> 0 | T349: {=MIN(0,S349+R348+V348)} -> 0 | U349: {=MAX(S349,IF(Q349>0,MAX(-Q349,S349),T349))} -> 0 | V349: {=S349-U349} -> 0
A350: 43440 | B350: {=YEAR(A350)} -> 2018 | C350: {=MONTH(A350)} -> 12 | E350: 298630 | F350: {=E350} -> 298630 | G350: {=F350-F349} -> 830 | H350: {=IF(G350>0,G350,0)} -> 830 | I350: {=MAX($F$347:F350)} -> 298630 | K350: {=MAX(0,I350-I349)} -> 830 | L350: {=MIN(F350:F379)} -> 298630 | M350: {=MAX(0,L350-L349)} -> 830 | N350: {=MIN(M350,H350-K350)} -> 0 | O350: {=K350+N350} -> 830 | P350: {=H350-O350} -> 0 | Q350: {=MAX(0,IF(AND(K350=0,P350>0),0,Q349+K350+U349))} -> 2230 | R350: {=MAX(0,R349+P350+V349)} -> 0 | S350: {=IF(G350<0,G350,0)} -> 0 | T350: {=MIN(0,S350+R349+V349)} -> 0 | U350: {=MAX(S350,IF(Q350>0,MAX(-Q350,S350),T350))} -> 0 | V350: {=S350-U350} -> 0
A351: 43441 | B351: {=YEAR(A351)} -> 2018 | C351: {=MONTH(A351)} -> 12 | E351: 299460 | F351: {=E351} -> 299460 | G351: {=F351-F350} -> 830 | H351: {=IF(G351>0,G351,0)} -> 830 | I351: {=MAX($F$347:F351)} -> 299460 | K351: {=MAX(0,I351-I350)} -> 830 | L351: {=MIN(F351:F380)} -> 299460 | M351: {=MAX(0,L351-L350)} -> 830 | N351: {=MIN(M351,H351-K351)} -> 0 | O351: {=K351+N351} -> 830 | P351: {=H351-O351} -> 0 | Q351: {=MAX(0,IF(AND(K351=0,P351>0),0,Q350+K351+U350))} -> 3060 | R351: {=MAX(0,R350+P351+V350)} -> 0 | S351: {=IF(G351<0,G351,0)} -> 0 | T351: {=MIN(0,S351+R350+V350)} -> 0 | U351: {=MAX(S351,IF(Q351>0,MAX(-Q351,S351),T351))} -> 0 | V351: {=S351-U351} -> 0
A352: 43442 | B352: {=YEAR(A352)} -> 2018 | C352: {=MONTH(A352)} -> 12 | E352: 299970 | F352: {=E352} -> 299970 | G352: {=F352-F351} -> 510 | H352: {=IF(G352>0,G352,0)} -> 510 | I352: {=MAX($F$347:F352)} -> 299970 | K352: {=MAX(0,I352-I351)} -> 510 | L352: {=MIN(F352:F381)} -> 299970 | M352: {=MAX(0,L352-L351)} -> 510 | N352: {=MIN(M352,H352-K352)} -> 0 | O352: {=K352+N352} -> 510 | P352: {=H352-O352} -> 0 | Q352: {=MAX(0,IF(AND(K352=0,P352>0),0,Q351+K352+U351))} -> 3570 | R352: {=MAX(0,R351+P352+V351)} -> 0 | S352: {=IF(G352<0,G352,0)} -> 0 | T352: {=MIN(0,S352+R351+V351)} -> 0 | U352: {=MAX(S352,IF(Q352>0,MAX(-Q352,S352),T352))} -> 0 | V352: {=S352-U352} -> 0
A353: 43443 | B353: {=YEAR(A353)} -> 2018 | C353: {=MONTH(A353)} -> 12 | E353: 300040 | F353: {=E353} -> 300040 | G353: {=F353-F352} -> 70 | H353: {=IF(G353>0,G353,0)} -> 70 | I353: {=MAX($F$347:F353)} -> 300040 | K353: {=MAX(0,I353-I352)} -> 70 | L353: {=MIN(F353:F382)} -> 300040 | M353: {=MAX(0,L353-L352)} -> 70 | N353: {=MIN(M353,H353-K353)} -> 0 | O353: {=K353+N353} -> 70 | P353: {=H353-O353} -> 0 | Q353: {=MAX(0,IF(AND(K353=0,P353>0),0,Q352+K353+U352))} -> 3640 | R353: {=MAX(0,R352+P353+V352)} -> 0 | S353: {=IF(G353<0,G353,0)} -> 0 | T353: {=MIN(0,S353+R352+V352)} -> 0 | U353: {=MAX(S353,IF(Q353>0,MAX(-Q353,S353),T353))} -> 0 | V353: {=S353-U353} -> 0
A354: 43444 | B354: {=YEAR(A354)} -> 2018 | C354: {=MONTH(A354)} -> 12 | E354: 300550 | F354: {=E354} -> 300550 | G354: {=F354-F353} -> 510 | H354: {=IF(G354>0,G354,0)} -> 510 | I354: {=MAX($F$347:F354)} -> 300550 | K354: {=MAX(0,I354-I353)} -> 510 | L354: {=MIN(F354:F383)} -> 300550 | M354: {=MAX(0,L354-L353)} -> 510 | N354: {=MIN(M354,H354-K354)} -> 0 | O354: {=K354+N354} -> 510 | P354: {=H354-O354} -> 0 | Q354: {=MAX(0,IF(AND(K354=0,P354>0),0,Q353+K354+U353))} -> 4150 | R354: {=MAX(0,R353+P354+V353)} -> 0 | S354: {=IF(G354<0,G354,0)} -> 0 | T354: {=MIN(0,S354+R353+V353)} -> 0 | U354: {=MAX(S354,IF(Q354>0,MAX(-Q354,S354),T354))} -> 0 | V354: {=S354-U354} -> 0
A355: 43445 | B355: {=YEAR(A355)} -> 2018 | C355: {=MONTH(A355)} -> 12 | E355: 300870 | F355: {=E355} -> 300870 | G355: {=F355-F354} -> 320 | H355: {=IF(G355>0,G355,0)} -> 320 | I355: {=MAX($F$347:F355)} -> 300870 | K355: {=MAX(0,I355-I354)} -> 320 | L355: {=MIN(F355:F384)} -> 300870 | M355: {=MAX(0,L355-L354)} -> 320 | N355: {=MIN(M355,H355-K355)} -> 0 | O355: {=K355+N355} -> 320 | P355: {=H355-O355} -> 0 | Q355: {=MAX(0,IF(AND(K355=0,P355>0),0,Q354+K355+U354))} -> 4470 | R355: {=MAX(0,R354+P355+V354)} -> 0 | S355: {=IF(G355<0,G355,0)} -> 0 | T355: {=MIN(0,S355+R354+V354)} -> 0 | U355: {=MAX(S355,IF(Q355>0,MAX(-Q355,S355),T355))} -> 0 | V355: {=S355-U355} -> 0
A356: 43446 | B356: {=YEAR(A356)} -> 2018 | C356: {=MONTH(A356)} -> 12 | E356: 301130 | F356: {=E356} -> 301130 | G356: {=F356-F355} -> 260 | H356: {=IF(G356>0,G356,0)} -> 260 | I356: {=MAX($F$347:F356)} -> 301130 | K356: {=MAX(0,I356-I355)} -> 260 | L356: {=MIN(F356:F385)} -> 301130 | M356: {=MAX(0,L356-L355)} -> 260 | N356: {=MIN(M356,H356-K356)} -> 0 | O356: {=K356+N356} -> 260 | P356: {=H356-O356} -> 0 | Q356: {=MAX(0,IF(AND(K356=0,P356>0),0,Q355+K356+U355))} -> 4730 | R356: {=MAX(0,R355+P356+V355)} -> 0 | S356: {=IF(G356<0,G356,0)} -> 0 | T356: {=MIN(0,S356+R355+V355)} -> 0 | U356: {=MAX(S356,IF(Q356>0,MAX(-Q356,S356),T356))} -> 0 | V356: {=S356-U356} -> 0
A357: 43447 | B357: {=YEAR(A357)} -> 2018 | C357: {=MONTH(A357)} -> 12 | E357: 301450 | F357: {=E357} -> 301450 | G357: {=F357-F356} -> 320 | H357: {=IF(G357>0,G357,0)} -> 320 | I357: {=MAX($F$347:F357)} -> 301450 | K357: {=MAX(0,I357-I356)} -> 320 | L357: {=MIN(F357:F386)} -> 301450 | M357: {=MAX(0,L357-L356)} -> 320 | N357: {=MIN(M357,H357-K357)} -> 0 | O357: {=K357+N357} -> 320 | P357: {=H357-O357} -> 0 | Q357: {=MAX(0,IF(AND(K357=0,P357>0),0,Q356+K357+U356))} -> 5050 | R357: {=MAX(0,R356+P357+V356)} -> 0 | S357: {=IF(G357<0,G357,0)} -> 0 | T357: {=MIN(0,S357+R356+V356)} -> 0 | U357: {=MAX(S357,IF(Q357>0,MAX(-Q357,S357),T357))} -> 0 | V357: {=S357-U357} -> 0
A358: 43448 | B358: {=YEAR(A358)} -> 2018 | C358: {=MONTH(A358)} -> 12 | E358: 301770 | F358: {=E358} -> 301770 | G358: {=F358-F357} -> 320 | H358: {=IF(G358>0,G358,0)} -> 320 | I358: {=MAX($F$347:F358)} -> 301770 | K358: {=MAX(0,I358-I357)} -> 320 | L358: {=MIN(F358:F387)} -> 301770 | M358: {=MAX(0,L358-L357)} -> 320 | N358: {=MIN(M358,H358-K358)} -> 0 | O358: {=K358+N358} -> 320 | P358: {=H358-O358} -> 0 | Q358: {=MAX(0,IF(AND(K358=0,P358>0),0,Q357+K358+U357))} -> 5370 | R358: {=MAX(0,R357+P358+V357)} -> 0 | S358: {=IF(G358<0,G358,0)} -> 0 | T358: {=MIN(0,S358+R357+V357)} -> 0 | U358: {=MAX(S358,IF(Q358>0,MAX(-Q358,S358),T358))} -> 0 | V358: {=S358-U358} -> 0
A359: 43449 | B359: {=YEAR(A359)} -> 2018 | C359: {=MONTH(A359)} -> 12 | E359: 302090 | F359: {=E359} -> 302090 | G359: {=F359-F358} -> 320 | H359: {=IF(G359>0,G359,0)} -> 320 | I359: {=MAX($F$347:F359)} -> 302090 | K359: {=MAX(0,I359-I358)} -> 320 | L359: {=MIN(F359:F388)} -> 302090 | M359: {=MAX(0,L359-L358)} -> 320 | N359: {=MIN(M359,H359-K359)} -> 0 | O359: {=K359+N359} -> 320 | P359: {=H359-O359} -> 0 | Q359: {=MAX(0,IF(AND(K359=0,P359>0),0,Q358+K359+U358))} -> 5690 | R359: {=MAX(0,R358+P359+V358)} -> 0 | S359: {=IF(G359<0,G359,0)} -> 0 | T359: {=MIN(0,S359+R358+V358)} -> 0 | U359: {=MAX(S359,IF(Q359>0,MAX(-Q359,S359),T359))} -> 0 | V359: {=S359-U359} -> 0
... A708: 43798 | B708: {=YEAR(A708)} -> 2019 | C708: {=MONTH(A708)} -> 11 | E708: 295950 | F708: {=E708} -> 295950 | G708: {=F708-F707} -> -390 | H708: {=IF(G708>0,G708,0)} -> 0 | I708: {=MAX($F$347:F708)} -> 397180 | K708: {=MAX(0,I708-I707)} -> 0 | L708: {=MIN(F708:F737)} -> 295700 | M708: {=MAX(0,L708-L707)} -> 0 | N708: {=MIN(M708,H708-K708)} -> 0 | O708: {=K708+N708} -> 0 | P708: {=H708-O708} -> 0 | Q708: {=MAX(0,IF(AND(K708=0,P708>0),0,Q707+K708+U707))} -> 0 | R708: {=MAX(0,R707+P708+V707)} -> 0 | S708: {=IF(G708<0,G708,0)} -> -390 | T708: {=MIN(0,S708+R707+V707)} -> -390 | U708: {=MAX(S708,IF(Q708>0,MAX(-Q708,S708),T708))} -> -390 | V708: {=S708-U708} -> 0
A709: 43799 | B709: {=YEAR(A709)} -> 2019 | C709: {=MONTH(A709)} -> 11 | E709: 295700 | F709: {=E709} -> 295700 | G709: {=F709-F708} -> -250 | H709: {=IF(G709>0,G709,0)} -> 0 | I709: {=MAX($F709:F$709)} -> 295700 | J709: <------ | K709: {=MAX(0,I709-I708)} -> 0 | L709: {=MIN(F709:F738)} -> 295700 | M709: {=MAX(0,L709-L708)} -> 0 | N709: {=MIN(M709,H709-K709)} -> 0 | O709: {=K709+N709} -> 0 | P709: {=H709-O709} -> 0 | Q709: {=MAX(0,IF(AND(K709=0,P709>0),0,Q708+K709+U708))} -> 0 | R709: {=MAX(0,R708+P709+V708)} -> 0 | S709: {=IF(G709<0,G709,0)} -> -250 | T709: {=MIN(0,S709+R708+V708)} -> -250 | U709: {=MAX(S709,IF(Q709>0,MAX(-Q709,S709),T709))} -> -250 | V709: {=S709-U709} -> 0
A710: 43800 | B710: {=YEAR(A710)} -> 2019 | C710: {=MONTH(A710)} -> 12 | E710: 296080 | F710: {=E710} -> 296080 | G710: {=F710-F709} -> 380 | H710: {=IF(G710>0,G710,0)} -> 380 | I710: {=MAX($F$709:F710)} -> 296080 | K710: {=MAX(0,I710-I709)} -> 380 | L710: {=MIN(F710:F739)} -> 295760 | M710: {=MAX(0,L710-L709)} -> 60 | N710: {=MIN(M710,H710-K710)} -> 0 | O710: {=K710+N710} -> 380 | P710: {=H710-O710} -> 0 | Q710: {=MAX(0,IF(AND(K710=0,P710>0),0,Q709+K710+U709))} -> 130 | R710: {=MAX(0,R709+P710+V709)} -> 0 | S710: {=IF(G710<0,G710,0)} -> 0 | T710: {=MIN(0,S710+R709+V709)} -> 0 | U710: {=MAX(S710,IF(Q710>0,MAX(-Q710,S710),T710))} -> 0 | V710: {=S710-U710} -> 0
A711: 43801 | B711: {=YEAR(A711)} -> 2019 | C711: {=MONTH(A711)} -> 12 | E711: 295950 | F711: {=E711} -> 295950 | G711: {=F711-F710} -> -130 | H711: {=IF(G711>0,G711,0)} -> 0 | I711: {=MAX($F$709:F711)} -> 296080 | K711: {=MAX(0,I711-I710)} -> 0 | L711: {=MIN(F711:F740)} -> 295760 | M711: {=MAX(0,L711-L710)} -> 0 | N711: {=MIN(M711,H711-K711)} -> 0 | O711: {=K711+N711} -> 0 | P711: {=H711-O711} -> 0 | Q711: {=MAX(0,IF(AND(K711=0,P711>0),0,Q710+K711+U710))} -> 130 | R711: {=MAX(0,R710+P711+V710)} -> 0 | S711: {=IF(G711<0,G711,0)} -> -130 | T711: {=MIN(0,S711+R710+V710)} -> -130 | U711: {=MAX(S711,IF(Q711>0,MAX(-Q711,S711),T711))} -> -130 | V711: {=S711-U711} -> 0
A712: 43802 | B712: {=YEAR(A712)} -> 2019 | C712: {=MONTH(A712)} -> 12 | E712: 295890 | F712: {=E712} -> 295890 | G712: {=F712-F711} -> -60 | H712: {=IF(G712>0,G712,0)} -> 0 | I712: {=MAX($F$709:F712)} -> 296080 | K712: {=MAX(0,I712-I711)} -> 0 | L712: {=MIN(F712:F741)} -> 295760 | M712: {=MAX(0,L712-L711)} -> 0 | N712: {=MIN(M712,H712-K712)} -> 0 | O712: {=K712+N712} -> 0 | P712: {=H712-O712} -> 0 | Q712: {=MAX(0,IF(AND(K712=0,P712>0),0,Q711+K712+U711))} -> 0 | R712: {=MAX(0,R711+P712+V711)} -> 0 | S712: {=IF(G712<0,G712,0)} -> -60 | T712: {=MIN(0,S712+R711+V711)} -> -60 | U712: {=MAX(S712,IF(Q712>0,MAX(-Q712,S712),T712))} -> -60 | V712: {=S712-U712} -> 0
A713: 43803 | B713: {=YEAR(A713)} -> 2019 | C713: {=MONTH(A713)} -> 12 | E713: 296210 | F713: {=E713} -> 296210 | G713: {=F713-F712} -> 320 | H713: {=IF(G713>0,G713,0)} -> 320 | I713: {=MAX($F$709:F713)} -> 296210 | K713: {=MAX(0,I713-I712)} -> 130 | L713: {=MIN(F713:F742)} -> 295760 | M713: {=MAX(0,L713-L712)} -> 0 | N713: {=MIN(M713,H713-K713)} -> 0 | O713: {=K713+N713} -> 130 | P713: {=H713-O713} -> 190 | Q713: {=MAX(0,IF(AND(K713=0,P713>0),0,Q712+K713+U712))} -> 70 | R713: {=MAX(0,R712+P713+V712)} -> 190 | S713: {=IF(G713<0,G713,0)} -> 0 | T713: {=MIN(0,S713+R712+V712)} -> 0 | U713: {=MAX(S713,IF(Q713>0,MAX(-Q713,S713),T713))} -> 0 | V713: {=S713-U713} -> 0
A714: 43804 | B714: {=YEAR(A714)} -> 2019 | C714: {=MONTH(A714)} -> 12 | E714: 296210 | F714: {=E714} -> 296210 | G714: {=F714-F713} -> 0 | H714: {=IF(G714>0,G714,0)} -> 0 | I714: {=MAX($F$709:F714)} -> 296210 | K714: {=MAX(0,I714-I713)} -> 0 | L714: {=MIN(F714:F743)} -> 295760 | M714: {=MAX(0,L714-L713)} -> 0 | N714: {=MIN(M714,H714-K714)} -> 0 | O714: {=K714+N714} -> 0 | P714: {=H714-O714} -> 0 | Q714: {=MAX(0,IF(AND(K714=0,P714>0),0,Q713+K714+U713))} -> 70 | R714: {=MAX(0,R713+P714+V713)} -> 190 | S714: {=IF(G714<0,G714,0)} -> 0 | T714: {=MIN(0,S714+R713+V713)} -> 0 | U714: {=MAX(S714,IF(Q714>0,MAX(-Q714,S714),T714))} -> 0 | V714: {=S714-U714} -> 0
A715: 43805 | B715: {=YEAR(A715)} -> 2019 | C715: {=MONTH(A715)} -> 12 | E715: 296340 | F715: {=E715} -> 296340 | G715: {=F715-F714} -> 130 | H715: {=IF(G715>0,G715,0)} -> 130 | I715: {=MAX($F$709:F715)} -> 296340 | K715: {=MAX(0,I715-I714)} -> 130 | L715: {=MIN(F715:F744)} -> 295760 | M715: {=MAX(0,L715-L714)} -> 0 | N715: {=MIN(M715,H715-K715)} -> 0 | O715: {=K715+N715} -> 130 | P715: {=H715-O715} -> 0 | Q715: {=MAX(0,IF(AND(K715=0,P715>0),0,Q714+K715+U714))} -> 200 | R715: {=MAX(0,R714+P715+V714)} -> 190 | S715: {=IF(G715<0,G715,0)} -> 0 | T715: {=MIN(0,S715+R714+V714)} -> 0 | U715: {=MAX(S715,IF(Q715>0,MAX(-Q715,S715),T715))} -> 0 | V715: {=S715-U715} -> 0
A716: 43806 | B716: {=YEAR(A716)} -> 2019 | C716: {=MONTH(A716)} -> 12 | E716: 296340 | F716: {=E716} -> 296340 | G716: {=F716-F715} -> 0 | H716: {=IF(G716>0,G716,0)} -> 0 | I716: {=MAX($F$709:F716)} -> 296340 | K716: {=MAX(0,I716-I715)} -> 0 | L716: {=MIN(F716:F745)} -> 295760 | M716: {=MAX(0,L716-L715)} -> 0 | N716: {=MIN(M716,H716-K716)} -> 0 | O716: {=K716+N716} -> 0 | P716: {=H716-O716} -> 0 | Q716: {=MAX(0,IF(AND(K716=0,P716>0),0,Q715+K716+U715))} -> 200 | R716: {=MAX(0,R715+P716+V715)} -> 190 | S716: {=IF(G716<0,G716,0)} -> 0 | T716: {=MIN(0,S716+R715+V715)} -> 0 | U716: {=MAX(S716,IF(Q716>0,MAX(-Q716,S716),T716))} -> 0 | V716: {=S716-U716} -> 0
A717: 43807 | B717: {=YEAR(A717)} -> 2019 | C717: {=MONTH(A717)} -> 12 | E717: 295760 | F717: {=E717} -> 295760 | G717: {=F717-F716} -> -580 | H717: {=IF(G717>0,G717,0)} -> 0 | I717: {=MAX($F$709:F717)} -> 296340 | K717: {=MAX(0,I717-I716)} -> 0 | L717: {=MIN(F717:F746)} -> 295760 | M717: {=MAX(0,L717-L716)} -> 0 | N717: {=MIN(M717,H717-K717)} -> 0 | O717: {=K717+N717} -> 0 | P717: {=H717-O717} -> 0 | Q717: {=MAX(0,IF(AND(K717=0,P717>0),0,Q716+K717+U716))} -> 200 | R717: {=MAX(0,R716+P717+V716)} -> 190 | S717: {=IF(G717<0,G717,0)} -> -580 | T717: {=MIN(0,S717+R716+V716)} -> -390 | U717: {=MAX(S717,IF(Q717>0,MAX(-Q717,S717),T717))} -> -200 | V717: {=S717-U717} -> -380
A718: 43808 | B718: {=YEAR(A718)} -> 2019 | C718: {=MONTH(A718)} -> 12 | E718: 295760 | F718: {=E718} -> 295760 | G718: {=F718-F717} -> 0 | H718: {=IF(G718>0,G718,0)} -> 0 | I718: {=MAX($F$709:F718)} -> 296340 | K718: {=MAX(0,I718-I717)} -> 0 | L718: {=MIN(F718:F747)} -> 295760 | M718: {=MAX(0,L718-L717)} -> 0 | N718: {=MIN(M718,H718-K718)} -> 0 | O718: {=K718+N718} -> 0 | P718: {=H718-O718} -> 0 | Q718: {=MAX(0,IF(AND(K718=0,P718>0),0,Q717+K718+U717))} -> 0 | R718: {=MAX(0,R717+P718+V717)} -> 0 | S718: {=IF(G718<0,G718,0)} -> 0 | T718: {=MIN(0,S718+R717+V717)} -> -190 | U718: {=MAX(S718,IF(Q718>0,MAX(-Q718,S718),T718))} -> 0 | V718: {=S718-U718} -> 0
A719: 43809 | B719: {=YEAR(A719)} -> 2019 | C719: {=MONTH(A719)} -> 12 | E719: 296080 | F719: {=E719} -> 296080 | G719: {=F719-F718} -> 320 | H719: {=IF(G719>0,G719,0)} -> 320 | I719: {=MAX($F$709:F719)} -> 296340 | K719: {=MAX(0,I719-I718)} -> 0 | L719: {=MIN(F719:F748)} -> 296080 | M719: {=MAX(0,L719-L718)} -> 320 | N719: {=MIN(M719,H719-K719)} -> 320 | O719: {=K719+N719} -> 320 | P719: {=H719-O719} -> 0 | Q719: {=MAX(0,IF(AND(K719=0,P719>0),0,Q718+K719+U718))} -> 0 | R719: {=MAX(0,R718+P719+V718)} -> 0 | S719: {=IF(G719<0,G719,0)} -> 0 | T719: {=MIN(0,S719+R718+V718)} -> 0 | U719: {=MAX(S719,IF(Q719>0,MAX(-Q719,S719),T719))} -> 0 | V719: {=S719-U719} -> 0
A720: 43810 | B720: {=YEAR(A720)} -> 2019 | C720: {=MONTH(A720)} -> 12 | E720: 296150 | F720: {=E720} -> 296150 | G720: {=F720-F719} -> 70 | H720: {=IF(G720>0,G720,0)} -> 70 | I720: {=MAX($F$709:F720)} -> 296340 | K720: {=MAX(0,I720-I719)} -> 0 | L720: {=MIN(F720:F749)} -> 296080 | M720: {=MAX(0,L720-L719)} -> 0 | N720: {=MIN(M720,H720-K720)} -> 0 | O720: {=K720+N720} -> 0 | P720: {=H720-O720} -> 70 | Q720: {=MAX(0,IF(AND(K720=0,P720>0),0,Q719+K720+U719))} -> 0 | R720: {=MAX(0,R719+P720+V719)} -> 70 | S720: {=IF(G720<0,G720,0)} -> 0 | T720: {=MIN(0,S720+R719+V719)} -> 0 | U720: {=MAX(S720,IF(Q720>0,MAX(-Q720,S720),T720))} -> 0 | V720: {=S720-U720} -> 0
A721: 43811 | B721: {=YEAR(A721)} -> 2019 | C721: {=MONTH(A721)} -> 12 | E721: 296080 | F721: {=E721} -> 296080 | G721: {=F721-F720} -> -70 | H721: {=IF(G721>0,G721,0)} -> 0 | I721: {=MAX($F$709:F721)} -> 296340 | K721: {=MAX(0,I721-I720)} -> 0 | L721: {=MIN(F721:F750)} -> 296080 | M721: {=MAX(0,L721-L720)} -> 0 | N721: {=MIN(M721,H721-K721)} -> 0 | O721: {=K721+N721} -> 0 | P721: {=H721-O721} -> 0 | Q721: {=MAX(0,IF(AND(K721=0,P721>0),0,Q720+K721+U720))} -> 0 | R721: {=MAX(0,R720+P721+V720)} -> 70 | S721: {=IF(G721<0,G721,0)} -> -70 | T721: {=MIN(0,S721+R720+V720)} -> 0 | U721: {=MAX(S721,IF(Q721>0,MAX(-Q721,S721),T721))} -> 0 | V721: {=S721-U721} -> -70
... A740: 43830 | B740: {=YEAR(A740)} -> 2019 | C740: {=MONTH(A740)} -> 12 | E740: 297930 | F740: {=E740} -> 297930 | G740: {=F740-F739} -> -380 | H740: {=IF(G740>0,G740,0)} -> 0 | I740: {=MAX($F$709:F740)} -> 298950 | K740: {=MAX(0,I740-I739)} -> 0 | L740: {=MIN(F740:F769)} -> 294170 | M740: {=MAX(0,L740-L739)} -> 0 | N740: {=MIN(M740,H740-K740)} -> 0 | O740: {=K740+N740} -> 0 | P740: {=H740-O740} -> 0 | Q740: {=MAX(0,IF(AND(K740=0,P740>0),0,Q739+K740+U739))} -> 1970 | R740: {=MAX(0,R739+P740+V739)} -> 260 | S740: {=IF(G740<0,G740,0)} -> -380 | T740: {=MIN(0,S740+R739+V739)} -> -120 | U740: {=MAX(S740,IF(Q740>0,MAX(-Q740,S740),T740))} -> -380 | V740: {=S740-U740} -> 0
A741: 43831 | B741: {=YEAR(A741)} -> 2020 | C741: {=MONTH(A741)} -> 1 | E741: 297930 | F741: {=E741} -> 297930 | G741: {=F741-F740} -> 0 | H741: {=IF(G741>0,G741,0)} -> 0 | I741: {=MAX($F$709:F741)} -> 298950 | K741: {=MAX(0,I741-I740)} -> 0 | L741: {=MIN(F741:F770)} -> 294170 | M741: {=MAX(0,L741-L740)} -> 0 | N741: {=MIN(M741,H741-K741)} -> 0 | O741: {=K741+N741} -> 0 | P741: {=H741-O741} -> 0 | Q741: {=MAX(0,IF(AND(K741=0,P741>0),0,Q740+K741+U740))} -> 1590 | R741: {=MAX(0,R740+P741+V740)} -> 260 | S741: {=IF(G741<0,G741,0)} -> 0 | T741: {=MIN(0,S741+R740+V740)} -> 0 | U741: {=MAX(S741,IF(Q741>0,MAX(-Q741,S741),T741))} -> 0 | V741: {=S741-U741} -> 0 | X741: Start of 2020
A742: 43832 | B742: {=YEAR(A742)} -> 2020 | C742: {=MONTH(A742)} -> 1 | E742: 297930 | F742: {=E742} -> 297930 | G742: {=F742-F741} -> 0 | H742: {=IF(G742>0,G742,0)} -> 0 | I742: {=MAX($F$709:F742)} -> 298950 | K742: {=MAX(0,I742-I741)} -> 0 | L742: {=MIN(F742:F771)} -> 294170 | M742: {=MAX(0,L742-L741)} -> 0 | N742: {=MIN(M742,H742-K742)} -> 0 | O742: {=K742+N742} -> 0 | P742: {=H742-O742} -> 0 | Q742: {=MAX(0,IF(AND(K742=0,P742>0),0,Q741+K742+U741))} -> 1590 | R742: {=MAX(0,R741+P742+V741)} -> 260 | S742: {=IF(G742<0,G742,0)} -> 0 | T742: {=MIN(0,S742+R741+V741)} -> 0 | U742: {=MAX(S742,IF(Q742>0,MAX(-Q742,S742),T742))} -> 0 | V742: {=S742-U742} -> 0
A743: 43833 | B743: {=YEAR(A743)} -> 2020 | C743: {=MONTH(A743)} -> 1 | E743: 297740 | F743: {=E743} -> 297740 | G743: {=F743-F742} -> -190 | H743: {=IF(G743>0,G743,0)} -> 0 | I743: {=MAX($F$709:F743)} -> 298950 | K743: {=MAX(0,I743-I742)} -> 0 | L743: {=MIN(F743:F772)} -> 294170 | M743: {=MAX(0,L743-L742)} -> 0 | N743: {=MIN(M743,H743-K743)} -> 0 | O743: {=K743+N743} -> 0 | P743: {=H743-O743} -> 0 | Q743: {=MAX(0,IF(AND(K743=0,P743>0),0,Q742+K743+U742))} -> 1590 | R743: {=MAX(0,R742+P743+V742)} -> 260 | S743: {=IF(G743<0,G743,0)} -> -190 | T743: {=MIN(0,S743+R742+V742)} -> 0 | U743: {=MAX(S743,IF(Q743>0,MAX(-Q743,S743),T743))} -> -190 | V743: {=S743-U743} -> 0
A744: 43834 | B744: {=YEAR(A744)} -> 2020 | C744: {=MONTH(A744)} -> 1 | E744: 297610 | F744: {=E744} -> 297610 | G744: {=F744-F743} -> -130 | H744: {=IF(G744>0,G744,0)} -> 0 | I744: {=MAX($F$709:F744)} -> 298950 | K744: {=MAX(0,I744-I743)} -> 0 | L744: {=MIN(F744:F773)} -> 294170 | M744: {=MAX(0,L744-L743)} -> 0 | N744: {=MIN(M744,H744-K744)} -> 0 | O744: {=K744+N744} -> 0 | P744: {=H744-O744} -> 0 | Q744: {=MAX(0,IF(AND(K744=0,P744>0),0,Q743+K744+U743))} -> 1400 | R744: {=MAX(0,R743+P744+V743)} -> 260 | S744: {=IF(G744<0,G744,0)} -> -130 | T744: {=MIN(0,S744+R743+V743)} -> 0 | U744: {=MAX(S744,IF(Q744>0,MAX(-Q744,S744),T744))} -> -130 | V744: {=S744-U744} -> 0
A745: 43835 | B745: {=YEAR(A745)} -> 2020 | C745: {=MONTH(A745)} -> 1 | E745: 297420 | F745: {=E745} -> 297420 | G745: {=F745-F744} -> -190 | H745: {=IF(G745>0,G745,0)} -> 0 | I745: {=MAX($F$709:F745)} -> 298950 | K745: {=MAX(0,I745-I744)} -> 0 | L745: {=MIN(F745:F774)} -> 294170 | M745: {=MAX(0,L745-L744)} -> 0 | N745: {=MIN(M745,H745-K745)} -> 0 | O745: {=K745+N745} -> 0 | P745: {=H745-O745} -> 0 | Q745: {=MAX(0,IF(AND(K745=0,P745>0),0,Q744+K745+U744))} -> 1270 | R745: {=MAX(0,R744+P745+V744)} -> 260 | S745: {=IF(G745<0,G745,0)} -> -190 | T745: {=MIN(0,S745+R744+V744)} -> 0 | U745: {=MAX(S745,IF(Q745>0,MAX(-Q745,S745),T745))} -> -190 | V745: {=S745-U745} -> 0
A746: 43836 | B746: {=YEAR(A746)} -> 2020 | C746: {=MONTH(A746)} -> 1 | E746: 297040 | F746: {=E746} -> 297040 | G746: {=F746-F745} -> -380 | H746: {=IF(G746>0,G746,0)} -> 0 | I746: {=MAX($F$709:F746)} -> 298950 | K746: {=MAX(0,I746-I745)} -> 0 | L746: {=MIN(F746:F775)} -> 294170 | M746: {=MAX(0,L746-L745)} -> 0 | N746: {=MIN(M746,H746-K746)} -> 0 | O746: {=K746+N746} -> 0 | P746: {=H746-O746} -> 0 | Q746: {=MAX(0,IF(AND(K746=0,P746>0),0,Q745+K746+U745))} -> 1080 | R746: {=MAX(0,R745+P746+V745)} -> 260 | S746: {=IF(G746<0,G746,0)} -> -380 | T746: {=MIN(0,S746+R745+V745)} -> -120 | U746: {=MAX(S746,IF(Q746>0,MAX(-Q746,S746),T746))} -> -380 | V746: {=S746-U746} -> 0
A747: 43837 | B747: {=YEAR(A747)} -> 2020 | C747: {=MONTH(A747)} -> 1 | E747: 296720 | F747: {=E747} -> 296720 | G747: {=F747-F746} -> -320 | H747: {=IF(G747>0,G747,0)} -> 0 | I747: {=MAX($F$709:F747)} -> 298950 | K747: {=MAX(0,I747-I746)} -> 0 | L747: {=MIN(F747:F776)} -> 294170 | M747: {=MAX(0,L747-L746)} -> 0 | N747: {=MIN(M747,H747-K747)} -> 0 | O747: {=K747+N747} -> 0 | P747: {=H747-O747} -> 0 | Q747: {=MAX(0,IF(AND(K747=0,P747>0),0,Q746+K747+U746))} -> 700 | R747: {=MAX(0,R746+P747+V746)} -> 260 | S747: {=IF(G747<0,G747,0)} -> -320 | T747: {=MIN(0,S747+R746+V746)} -> -60 | U747: {=MAX(S747,IF(Q747>0,MAX(-Q747,S747),T747))} -> -320 | V747: {=S747-U747} -> 0
A748: 43838 | B748: {=YEAR(A748)} -> 2020 | C748: {=MONTH(A748)} -> 1 | E748: 296530 | F748: {=E748} -> 296530 | G748: {=F748-F747} -> -190 | H748: {=IF(G748>0,G748,0)} -> 0 | I748: {=MAX($F$709:F748)} -> 298950 | K748: {=MAX(0,I748-I747)} -> 0 | L748: {=MIN(F748:F777)} -> 294170 | M748: {=MAX(0,L748-L747)} -> 0 | N748: {=MIN(M748,H748-K748)} -> 0 | O748: {=K748+N748} -> 0 | P748: {=H748-O748} -> 0 | Q748: {=MAX(0,IF(AND(K748=0,P748>0),0,Q747+K748+U747))} -> 380 | R748: {=MAX(0,R747+P748+V747)} -> 260 | S748: {=IF(G748<0,G748,0)} -> -190 | T748: {=MIN(0,S748+R747+V747)} -> 0 | U748: {=MAX(S748,IF(Q748>0,MAX(-Q748,S748),T748))} -> -190 | V748: {=S748-U748} -> 0
A749: 43839 | B749: {=YEAR(A749)} -> 2020 | C749: {=MONTH(A749)} -> 1 | E749: 296400 | F749: {=E749} -> 296400 | G749: {=F749-F748} -> -130 | H749: {=IF(G749>0,G749,0)} -> 0 | I749: {=MAX($F$709:F749)} -> 298950 | K749: {=MAX(0,I749-I748)} -> 0 | L749: {=MIN(F749:F778)} -> 294170 | M749: {=MAX(0,L749-L748)} -> 0 | N749: {=MIN(M749,H749-K749)} -> 0 | O749: {=K749+N749} -> 0 | P749: {=H749-O749} -> 0 | Q749: {=MAX(0,IF(AND(K749=0,P749>0),0,Q748+K749+U748))} -> 190 | R749: {=MAX(0,R748+P749+V748)} -> 260 | S749: {=IF(G749<0,G749,0)} -> -130 | T749: {=MIN(0,S749+R748+V748)} -> 0 | U749: {=MAX(S749,IF(Q749>0,MAX(-Q749,S749),T749))} -> -130 | V749: {=S749-U749} -> 0
A750: 43840 | B750: {=YEAR(A750)} -> 2020 | C750: {=MONTH(A750)} -> 1 | E750: 296210 | F750: {=E750} -> 296210 | G750: {=F750-F749} -> -190 | H750: {=IF(G750>0,G750,0)} -> 0 | I750: {=MAX($F$709:F750)} -> 298950 | K750: {=MAX(0,I750-I749)} -> 0 | L750: {=MIN(F750:F779)} -> 294170 | M750: {=MAX(0,L750-L749)} -> 0 | N750: {=MIN(M750,H750-K750)} -> 0 | O750: {=K750+N750} -> 0 | P750: {=H750-O750} -> 0 | Q750: {=MAX(0,IF(AND(K750=0,P750>0),0,Q749+K750+U749))} -> 60 | R750: {=MAX(0,R749+P750+V749)} -> 260 | S750: {=IF(G750<0,G750,0)} -> -190 | T750: {=MIN(0,S750+R749+V749)} -> 0 | U750: {=MAX(S750,IF(Q750>0,MAX(-Q750,S750),T750))} -> -60 | V750: {=S750-U750} -> -130
A751: 43841 | B751: {=YEAR(A751)} -> 2020 | C751: {=MONTH(A751)} -> 1 | E751: 295830 | F751: {=E751} -> 295830 | G751: {=F751-F750} -> -380 | H751: {=IF(G751>0,G751,0)} -> 0 | I751: {=MAX($F$709:F751)} -> 298950 | K751: {=MAX(0,I751-I750)} -> 0 | L751: {=MIN(F751:F780)} -> 294170 | M751: {=MAX(0,L751-L750)} -> 0 | N751: {=MIN(M751,H751-K751)} -> 0 | O751: {=K751+N751} -> 0 | P751: {=H751-O751} -> 0 | Q751: {=MAX(0,IF(AND(K751=0,P751>0),0,Q750+K751+U750))} -> 0 | R751: {=MAX(0,R750+P751+V750)} -> 130 | S751: {=IF(G751<0,G751,0)} -> -380 | T751: {=MIN(0,S751+R750+V750)} -> -250 | U751: {=MAX(S751,IF(Q751>0,MAX(-Q751,S751),T751))} -> -250 | V751: {=S751-U751} -> -130
A752: 43842 | B752: {=YEAR(A752)} -> 2020 | C752: {=MONTH(A752)} -> 1 | E752: 295640 | F752: {=E752} -> 295640 | G752: {=F752-F751} -> -190 | H752: {=IF(G752>0,G752,0)} -> 0 | I752: {=MAX($F$709:F752)} -> 298950 | K752: {=MAX(0,I752-I751)} -> 0 | L752: {=MIN(F752:F781)} -> 294170 | M752: {=MAX(0,L752-L751)} -> 0 | N752: {=MIN(M752,H752-K752)} -> 0 | O752: {=K752+N752} -> 0 | P752: {=H752-O752} -> 0 | Q752: {=MAX(0,IF(AND(K752=0,P752>0),0,Q751+K752+U751))} -> 0 | R752: {=MAX(0,R751+P752+V751)} -> 0 | S752: {=IF(G752<0,G752,0)} -> -190 | T752: {=MIN(0,S752+R751+V751)} -> -190 | U752: {=MAX(S752,IF(Q752>0,MAX(-Q752,S752),T752))} -> -190 | V752: {=S752-U752} -> 0
A753: 43843 | B753: {=YEAR(A753)} -> 2020 | C753: {=MONTH(A753)} -> 1 | E753: 295450 | F753: {=E753} -> 295450 | G753: {=F753-F752} -> -190 | H753: {=IF(G753>0,G753,0)} -> 0 | I753: {=MAX($F$709:F753)} -> 298950 | K753: {=MAX(0,I753-I752)} -> 0 | L753: {=MIN(F753:F782)} -> 294170 | M753: {=MAX(0,L753-L752)} -> 0 | N753: {=MIN(M753,H753-K753)} -> 0 | O753: {=K753+N753} -> 0 | P753: {=H753-O753} -> 0 | Q753: {=MAX(0,IF(AND(K753=0,P753>0),0,Q752+K753+U752))} -> 0 | R753: {=MAX(0,R752+P753+V752)} -> 0 | S753: {=IF(G753<0,G753,0)} -> -190 | T753: {=MIN(0,S753+R752+V752)} -> -190 | U753: {=MAX(S753,IF(Q753>0,MAX(-Q753,S753),T753))} -> -190 | V753: {=S753-U753} -> 0
... A1075: 44165 | B1075: {=YEAR(A1075)} -> 2020 | C1075: {=MONTH(A1075)} -> 11 | E1075: 259250 | F1075: {=E1075} -> 259250 | G1075: {=F1075-F1074} -> -120 | H1075: {=IF(G1075>0,G1075,0)} -> 0 | I1075: {=MAX($F$709:F1075)} -> 302090 | K1075: {=MAX(0,I1075-I1074)} -> 0 | L1075: {=MIN(F1075:F1104)} -> 259190 | M1075: {=MAX(0,L1075-L1074)} -> 0 | N1075: {=MIN(M1075,H1075-K1075)} -> 0 | O1075: {=K1075+N1075} -> 0 | P1075: {=H1075-O1075} -> 0 | Q1075: {=MAX(0,IF(AND(K1075=0,P1075>0),0,Q1074+K1075+U1074))} -> 0 | R1075: {=MAX(0,R1074+P1075+V1074)} -> 0 | S1075: {=IF(G1075<0,G1075,0)} -> -120 | T1075: {=MIN(0,S1075+R1074+V1074)} -> -120 | U1075: {=MAX(S1075,IF(Q1075>0,MAX(-Q1075,S1075),T1075))} -> -120 | V1075: {=S1075-U1075} -> 0
A1076: 44166 | B1076: {=YEAR(A1076)} -> 2020 | C1076: {=MONTH(A1076)} -> 12 | E1076: 259190 | F1076: {=E1076} -> 259190 | G1076: {=F1076-F1075} -> -60 | H1076: {=IF(G1076>0,G1076,0)} -> 0 | I1076: {=MAX($F1076:F$1076)} -> 259190 | J1076: <---- | K1076: {=MAX(0,I1076-I1075)} -> 0 | L1076: {=MIN(F1076:F1105)} -> 259190 | M1076: {=MAX(0,L1076-L1075)} -> 0 | N1076: {=MIN(M1076,H1076-K1076)} -> 0 | O1076: {=K1076+N1076} -> 0 | P1076: {=H1076-O1076} -> 0 | Q1076: {=MAX(0,IF(AND(K1076=0,P1076>0),0,Q1075+K1076+U1075))} -> 0 | R1076: {=MAX(0,R1075+P1076+V1075)} -> 0 | S1076: {=IF(G1076<0,G1076,0)} -> -60 | T1076: {=MIN(0,S1076+R1075+V1075)} -> -60 | U1076: {=MAX(S1076,IF(Q1076>0,MAX(-Q1076,S1076),T1076))} -> -60 | V1076: {=S1076-U1076} -> 0
A1077: 44167 | B1077: {=YEAR(A1077)} -> 2020 | C1077: {=MONTH(A1077)} -> 12 | E1077: 259370 | F1077: {=E1077} -> 259370 | G1077: {=F1077-F1076} -> 180 | H1077: {=IF(G1077>0,G1077,0)} -> 180 | I1077: {=MAX($F$1076:F1077)} -> 259370 | K1077: {=MAX(0,I1077-I1076)} -> 180 | L1077: {=MIN(F1077:F1106)} -> 259370 | M1077: {=MAX(0,L1077-L1076)} -> 180 | N1077: {=MIN(M1077,H1077-K1077)} -> 0 | O1077: {=K1077+N1077} -> 180 | P1077: {=H1077-O1077} -> 0 | Q1077: {=MAX(0,IF(AND(K1077=0,P1077>0),0,Q1076+K1077+U1076))} -> 120 | R1077: {=MAX(0,R1076+P1077+V1076)} -> 0 | S1077: {=IF(G1077<0,G1077,0)} -> 0 | T1077: {=MIN(0,S1077+R1076+V1076)} -> 0 | U1077: {=MAX(S1077,IF(Q1077>0,MAX(-Q1077,S1077),T1077))} -> 0 | V1077: {=S1077-U1077} -> 0
A1078: 44168 | B1078: {=YEAR(A1078)} -> 2020 | C1078: {=MONTH(A1078)} -> 12 | E1078: 259490 | F1078: {=E1078} -> 259490 | G1078: {=F1078-F1077} -> 120 | H1078: {=IF(G1078>0,G1078,0)} -> 120 | I1078: {=MAX($F$1076:F1078)} -> 259490 | K1078: {=MAX(0,I1078-I1077)} -> 120 | L1078: {=MIN(F1078:F1107)} -> 259490 | M1078: {=MAX(0,L1078-L1077)} -> 120 | N1078: {=MIN(M1078,H1078-K1078)} -> 0 | O1078: {=K1078+N1078} -> 120 | P1078: {=H1078-O1078} -> 0 | Q1078: {=MAX(0,IF(AND(K1078=0,P1078>0),0,Q1077+K1078+U1077))} -> 240 | R1078: {=MAX(0,R1077+P1078+V1077)} -> 0 | S1078: {=IF(G1078<0,G1078,0)} -> 0 | T1078: {=MIN(0,S1078+R1077+V1077)} -> 0 | U1078: {=MAX(S1078,IF(Q1078>0,MAX(-Q1078,S1078),T1078))} -> 0 | V1078: {=S1078-U1078} -> 0
A1079: 44169 | B1079: {=YEAR(A1079)} -> 2020 | C1079: {=MONTH(A1079)} -> 12 | E1079: 259610 | F1079: {=E1079} -> 259610 | G1079: {=F1079-F1078} -> 120 | H1079: {=IF(G1079>0,G1079,0)} -> 120 | I1079: {=MAX($F$1076:F1079)} -> 259610 | K1079: {=MAX(0,I1079-I1078)} -> 120 | L1079: {=MIN(F1079:F1108)} -> 259610 | M1079: {=MAX(0,L1079-L1078)} -> 120 | N1079: {=MIN(M1079,H1079-K1079)} -> 0 | O1079: {=K1079+N1079} -> 120 | P1079: {=H1079-O1079} -> 0 | Q1079: {=MAX(0,IF(AND(K1079=0,P1079>0),0,Q1078+K1079+U1078))} -> 360 | R1079: {=MAX(0,R1078+P1079+V1078)} -> 0 | S1079: {=IF(G1079<0,G1079,0)} -> 0 | T1079: {=MIN(0,S1079+R1078+V1078)} -> 0 | U1079: {=MAX(S1079,IF(Q1079>0,MAX(-Q1079,S1079),T1079))} -> 0 | V1079: {=S1079-U1079} -> 0
A1080: 44170 | B1080: {=YEAR(A1080)} -> 2020 | C1080: {=MONTH(A1080)} -> 12 | E1080: 259730 | F1080: {=E1080} -> 259730 | G1080: {=F1080-F1079} -> 120 | H1080: {=IF(G1080>0,G1080,0)} -> 120 | I1080: {=MAX($F$1076:F1080)} -> 259730 | K1080: {=MAX(0,I1080-I1079)} -> 120 | L1080: {=MIN(F1080:F1109)} -> 259730 | M1080: {=MAX(0,L1080-L1079)} -> 120 | N1080: {=MIN(M1080,H1080-K1080)} -> 0 | O1080: {=K1080+N1080} -> 120 | P1080: {=H1080-O1080} -> 0 | Q1080: {=MAX(0,IF(AND(K1080=0,P1080>0),0,Q1079+K1080+U1079))} -> 480 | R1080: {=MAX(0,R1079+P1080+V1079)} -> 0 | S1080: {=IF(G1080<0,G1080,0)} -> 0 | T1080: {=MIN(0,S1080+R1079+V1079)} -> 0 | U1080: {=MAX(S1080,IF(Q1080>0,MAX(-Q1080,S1080),T1080))} -> 0 | V1080: {=S1080-U1080} -> 0
A1081: 44171 | B1081: {=YEAR(A1081)} -> 2020 | C1081: {=MONTH(A1081)} -> 12 | E1081: 259790 | F1081: {=E1081} -> 259790 | G1081: {=F1081-F1080} -> 60 | H1081: {=IF(G1081>0,G1081,0)} -> 60 | I1081: {=MAX($F$1076:F1081)} -> 259790 | K1081: {=MAX(0,I1081-I1080)} -> 60 | L1081: {=MIN(F1081:F1110)} -> 259790 | M1081: {=MAX(0,L1081-L1080)} -> 60 | N1081: {=MIN(M1081,H1081-K1081)} -> 0 | O1081: {=K1081+N1081} -> 60 | P1081: {=H1081-O1081} -> 0 | Q1081: {=MAX(0,IF(AND(K1081=0,P1081>0),0,Q1080+K1081+U1080))} -> 540 | R1081: {=MAX(0,R1080+P1081+V1080)} -> 0 | S1081: {=IF(G1081<0,G1081,0)} -> 0 | T1081: {=MIN(0,S1081+R1080+V1080)} -> 0 | U1081: {=MAX(S1081,IF(Q1081>0,MAX(-Q1081,S1081),T1081))} -> 0 | V1081: {=S1081-U1081} -> 0
A1082: 44172 | B1082: {=YEAR(A1082)} -> 2020 | C1082: {=MONTH(A1082)} -> 12 | E1082: 259910 | F1082: {=E1082} -> 259910 | G1082: {=F1082-F1081} -> 120 | H1082: {=IF(G1082>0,G1082,0)} -> 120 | I1082: {=MAX($F$1076:F1082)} -> 259910 | K1082: {=MAX(0,I1082-I1081)} -> 120 | L1082: {=MIN(F1082:F1111)} -> 259610 | M1082: {=MAX(0,L1082-L1081)} -> 0 | N1082: {=MIN(M1082,H1082-K1082)} -> 0 | O1082: {=K1082+N1082} -> 120 | P1082: {=H1082-O1082} -> 0 | Q1082: {=MAX(0,IF(AND(K1082=0,P1082>0),0,Q1081+K1082+U1081))} -> 660 | R1082: {=MAX(0,R1081+P1082+V1081)} -> 0 | S1082: {=IF(G1082<0,G1082,0)} -> 0 | T1082: {=MIN(0,S1082+R1081+V1081)} -> 0 | U1082: {=MAX(S1082,IF(Q1082>0,MAX(-Q1082,S1082),T1082))} -> 0 | V1082: {=S1082-U1082} -> 0
A1083: 44173 | B1083: {=YEAR(A1083)} -> 2020 | C1083: {=MONTH(A1083)} -> 12 | E1083: 259970 | F1083: {=E1083} -> 259970 | G1083: {=F1083-F1082} -> 60 | H1083: {=IF(G1083>0,G1083,0)} -> 60 | I1083: {=MAX($F$1076:F1083)} -> 259970 | K1083: {=MAX(0,I1083-I1082)} -> 60 | L1083: {=MIN(F1083:F1112)} -> 259130 | M1083: {=MAX(0,L1083-L1082)} -> 0 | N1083: {=MIN(M1083,H1083-K1083)} -> 0 | O1083: {=K1083+N1083} -> 60 | P1083: {=H1083-O1083} -> 0 | Q1083: {=MAX(0,IF(AND(K1083=0,P1083>0),0,Q1082+K1083+U1082))} -> 720 | R1083: {=MAX(0,R1082+P1083+V1082)} -> 0 | S1083: {=IF(G1083<0,G1083,0)} -> 0 | T1083: {=MIN(0,S1083+R1082+V1082)} -> 0 | U1083: {=MAX(S1083,IF(Q1083>0,MAX(-Q1083,S1083),T1083))} -> 0 | V1083: {=S1083-U1083} -> 0
A1084: 44174 | B1084: {=YEAR(A1084)} -> 2020 | C1084: {=MONTH(A1084)} -> 12 | E1084: 260030 | F1084: {=E1084} -> 260030 | G1084: {=F1084-F1083} -> 60 | H1084: {=IF(G1084>0,G1084,0)} -> 60 | I1084: {=MAX($F$1076:F1084)} -> 260030 | K1084: {=MAX(0,I1084-I1083)} -> 60 | L1084: {=MIN(F1084:F1113)} -> 258780 | M1084: {=MAX(0,L1084-L1083)} -> 0 | N1084: {=MIN(M1084,H1084-K1084)} -> 0 | O1084: {=K1084+N1084} -> 60 | P1084: {=H1084-O1084} -> 0 | Q1084: {=MAX(0,IF(AND(K1084=0,P1084>0),0,Q1083+K1084+U1083))} -> 780 | R1084: {=MAX(0,R1083+P1084+V1083)} -> 0 | S1084: {=IF(G1084<0,G1084,0)} -> 0 | T1084: {=MIN(0,S1084+R1083+V1083)} -> 0 | U1084: {=MAX(S1084,IF(Q1084>0,MAX(-Q1084,S1084),T1084))} -> 0 | V1084: {=S1084-U1084} -> 0
A1085: 44175 | B1085: {=YEAR(A1085)} -> 2020 | C1085: {=MONTH(A1085)} -> 12 | E1085: 260210 | F1085: {=E1085} -> 260210 | G1085: {=F1085-F1084} -> 180 | H1085: {=IF(G1085>0,G1085,0)} -> 180 | I1085: {=MAX($F$1076:F1085)} -> 260210 | K1085: {=MAX(0,I1085-I1084)} -> 180 | L1085: {=MIN(F1085:F1114)} -> 258480 | M1085: {=MAX(0,L1085-L1084)} -> 0 | N1085: {=MIN(M1085,H1085-K1085)} -> 0 | O1085: {=K1085+N1085} -> 180 | P1085: {=H1085-O1085} -> 0 | Q1085: {=MAX(0,IF(AND(K1085=0,P1085>0),0,Q1084+K1085+U1084))} -> 960 | R1085: {=MAX(0,R1084+P1085+V1084)} -> 0 | S1085: {=IF(G1085<0,G1085,0)} -> 0 | T1085: {=MIN(0,S1085+R1084+V1084)} -> 0 | U1085: {=MAX(S1085,IF(Q1085>0,MAX(-Q1085,S1085),T1085))} -> 0 | V1085: {=S1085-U1085} -> 0
A1086: 44176 | B1086: {=YEAR(A1086)} -> 2020 | C1086: {=MONTH(A1086)} -> 12 | E1086: 260500 | F1086: {=E1086} -> 260500 | G1086: {=F1086-F1085} -> 290 | H1086: {=IF(G1086>0,G1086,0)} -> 290 | I1086: {=MAX($F$1076:F1086)} -> 260500 | K1086: {=MAX(0,I1086-I1085)} -> 290 | L1086: {=MIN(F1086:F1115)} -> 258130 | M1086: {=MAX(0,L1086-L1085)} -> 0 | N1086: {=MIN(M1086,H1086-K1086)} -> 0 | O1086: {=K1086+N1086} -> 290 | P1086: {=H1086-O1086} -> 0 | Q1086: {=MAX(0,IF(AND(K1086=0,P1086>0),0,Q1085+K1086+U1085))} -> 1250 | R1086: {=MAX(0,R1085+P1086+V1085)} -> 0 | S1086: {=IF(G1086<0,G1086,0)} -> 0 | T1086: {=MIN(0,S1086+R1085+V1085)} -> 0 | U1086: {=MAX(S1086,IF(Q1086>0,MAX(-Q1086,S1086),T1086))} -> 0 | V1086: {=S1086-U1086} -> 0
A1087: 44177 | B1087: {=YEAR(A1087)} -> 2020 | C1087: {=MONTH(A1087)} -> 12 | E1087: 260620 | F1087: {=E1087} -> 260620 | G1087: {=F1087-F1086} -> 120 | H1087: {=IF(G1087>0,G1087,0)} -> 120 | I1087: {=MAX($F$1076:F1087)} -> 260620 | K1087: {=MAX(0,I1087-I1086)} -> 120 | L1087: {=MIN(F1087:F1116)} -> 257830 | M1087: {=MAX(0,L1087-L1086)} -> 0 | N1087: {=MIN(M1087,H1087-K1087)} -> 0 | O1087: {=K1087+N1087} -> 120 | P1087: {=H1087-O1087} -> 0 | Q1087: {=MAX(0,IF(AND(K1087=0,P1087>0),0,Q1086+K1087+U1086))} -> 1370 | R1087: {=MAX(0,R1086+P1087+V1086)} -> 0 | S1087: {=IF(G1087<0,G1087,0)} -> 0 | T1087: {=MIN(0,S1087+R1086+V1086)} -> 0 | U1087: {=MAX(S1087,IF(Q1087>0,MAX(-Q1087,S1087),T1087))} -> 0 | V1087: {=S1087-U1087} -> 0
A1088: 44178 | B1088: {=YEAR(A1088)} -> 2020 | C1088: {=MONTH(A1088)} -> 12 | E1088: 260920 | F1088: {=E1088} -> 260920 | G1088: {=F1088-F1087} -> 300 | H1088: {=IF(G1088>0,G1088,0)} -> 300 | I1088: {=MAX($F$1076:F1088)} -> 260920 | K1088: {=MAX(0,I1088-I1087)} -> 300 | L1088: {=MIN(F1088:F1117)} -> 257410 | M1088: {=MAX(0,L1088-L1087)} -> 0 | N1088: {=MIN(M1088,H1088-K1088)} -> 0 | O1088: {=K1088+N1088} -> 300 | P1088: {=H1088-O1088} -> 0 | Q1088: {=MAX(0,IF(AND(K1088=0,P1088>0),0,Q1087+K1088+U1087))} -> 1670 | R1088: {=MAX(0,R1087+P1088+V1087)} -> 0 | S1088: {=IF(G1088<0,G1088,0)} -> 0 | T1088: {=MIN(0,S1088+R1087+V1087)} -> 0 | U1088: {=MAX(S1088,IF(Q1088>0,MAX(-Q1088,S1088),T1088))} -> 0 | V1088: {=S1088-U1088} -> 0
... A1448: 44538 | B1448: {=YEAR(A1448)} -> 2021 | C1448: {=MONTH(A1448)} -> 12 | E1448: 162590 | F1448: {=E1448} -> 162590 | G1448: {=F1448-F1447} -> -500 | H1448: {=IF(G1448>0,G1448,0)} -> 0 | I1448: {=MAX($F$1076:F1448)} -> 261280 | K1448: {=MAX(0,I1448-I1447)} -> 0 | L1448: {=MIN(F1448:F1477)} -> 160380 | M1448: {=MAX(0,L1448-L1447)} -> 0 | N1448: {=MIN(M1448,H1448-K1448)} -> 0 | O1448: {=K1448+N1448} -> 0 | P1448: {=H1448-O1448} -> 0 | Q1448: {=MAX(0,IF(AND(K1448=0,P1448>0),0,Q1447+K1448+U1447))} -> 0 | R1448: {=MAX(0,R1447+P1448+V1447)} -> 0 | S1448: {=IF(G1448<0,G1448,0)} -> -500 | T1448: {=MIN(0,S1448+R1447+V1447)} -> -500 | U1448: {=MAX(S1448,IF(Q1448>0,MAX(-Q1448,S1448),T1448))} -> -500 | V1448: {=S1448-U1448} -> 0
A1449: {=A1448+1} -> 44539 | B1449: {=YEAR(A1449)} -> 2021 | C1449: {=MONTH(A1449)} -> 12 | E1449: 162360 | F1449: {=E1449} -> 162360 | G1449: {=F1449-F1448} -> -230 | H1449: {=IF(G1449>0,G1449,0)} -> 0 | I1449: {=MAX($F$1076:F1449)} -> 261280 | K1449: {=MAX(0,I1449-I1448)} -> 0 | L1449: {=MIN(F1449:F1478)} -> 160380 | M1449: {=MAX(0,L1449-L1448)} -> 0 | N1449: {=MIN(M1449,H1449-K1449)} -> 0 | O1449: {=K1449+N1449} -> 0 | P1449: {=H1449-O1449} -> 0 | Q1449: {=MAX(0,IF(AND(K1449=0,P1449>0),0,Q1448+K1449+U1448))} -> 0 | R1449: {=MAX(0,R1448+P1449+V1448)} -> 0 | S1449: {=IF(G1449<0,G1449,0)} -> -230 | T1449: {=MIN(0,S1449+R1448+V1448)} -> -230 | U1449: {=MAX(S1449,IF(Q1449>0,MAX(-Q1449,S1449),T1449))} -> -230 | V1449: {=S1449-U1449} -> 0
A1450: {=A1449+1} -> 44540 | B1450: {=YEAR(A1450)} -> 2021 | C1450: {=MONTH(A1450)} -> 12 | E1450: 161860 | F1450: {=E1450} -> 161860 | G1450: {=F1450-F1449} -> -500 | H1450: {=IF(G1450>0,G1450,0)} -> 0 | I1450: {=MAX($F$1076:F1450)} -> 261280 | K1450: {=MAX(0,I1450-I1449)} -> 0 | L1450: {=MIN(F1450:F1479)} -> 160380 | M1450: {=MAX(0,L1450-L1449)} -> 0 | N1450: {=MIN(M1450,H1450-K1450)} -> 0 | O1450: {=K1450+N1450} -> 0 | P1450: {=H1450-O1450} -> 0 | Q1450: {=MAX(0,IF(AND(K1450=0,P1450>0),0,Q1449+K1450+U1449))} -> 0 | R1450: {=MAX(0,R1449+P1450+V1449)} -> 0 | S1450: {=IF(G1450<0,G1450,0)} -> -500 | T1450: {=MIN(0,S1450+R1449+V1449)} -> -500 | U1450: {=MAX(S1450,IF(Q1450>0,MAX(-Q1450,S1450),T1450))} -> -500 | V1450: {=S1450-U1450} -> 0
A1451: {=A1450+1} -> 44541 | B1451: {=YEAR(A1451)} -> 2021 | C1451: {=MONTH(A1451)} -> 12 | E1451: 161500 | F1451: {=E1451} -> 161500 | G1451: {=F1451-F1450} -> -360 | H1451: {=IF(G1451>0,G1451,0)} -> 0 | I1451: {=MAX($F$1076:F1451)} -> 261280 | K1451: {=MAX(0,I1451-I1450)} -> 0 | L1451: {=MIN(F1451:F1480)} -> 160380 | M1451: {=MAX(0,L1451-L1450)} -> 0 | N1451: {=MIN(M1451,H1451-K1451)} -> 0 | O1451: {=K1451+N1451} -> 0 | P1451: {=H1451-O1451} -> 0 | Q1451: {=MAX(0,IF(AND(K1451=0,P1451>0),0,Q1450+K1451+U1450))} -> 0 | R1451: {=MAX(0,R1450+P1451+V1450)} -> 0 | S1451: {=IF(G1451<0,G1451,0)} -> -360 | T1451: {=MIN(0,S1451+R1450+V1450)} -> -360 | U1451: {=MAX(S1451,IF(Q1451>0,MAX(-Q1451,S1451),T1451))} -> -360 | V1451: {=S1451-U1451} -> 0
A1452: {=A1451+1} -> 44542 | B1452: {=YEAR(A1452)} -> 2021 | C1452: {=MONTH(A1452)} -> 12 | E1452: 161320 | F1452: {=E1452} -> 161320 | G1452: {=F1452-F1451} -> -180 | H1452: {=IF(G1452>0,G1452,0)} -> 0 | I1452: {=MAX($F$1076:F1452)} -> 261280 | K1452: {=MAX(0,I1452-I1451)} -> 0 | L1452: {=MIN(F1452:F1481)} -> 160380 | M1452: {=MAX(0,L1452-L1451)} -> 0 | N1452: {=MIN(M1452,H1452-K1452)} -> 0 | O1452: {=K1452+N1452} -> 0 | P1452: {=H1452-O1452} -> 0 | Q1452: {=MAX(0,IF(AND(K1452=0,P1452>0),0,Q1451+K1452+U1451))} -> 0 | R1452: {=MAX(0,R1451+P1452+V1451)} -> 0 | S1452: {=IF(G1452<0,G1452,0)} -> -180 | T1452: {=MIN(0,S1452+R1451+V1451)} -> -180 | U1452: {=MAX(S1452,IF(Q1452>0,MAX(-Q1452,S1452),T1452))} -> -180 | V1452: {=S1452-U1452} -> 0
A1453: {=A1452+1} -> 44543 | B1453: {=YEAR(A1453)} -> 2021 | C1453: {=MONTH(A1453)} -> 12 | E1453: 161140 | F1453: {=E1453} -> 161140 | G1453: {=F1453-F1452} -> -180 | H1453: {=IF(G1453>0,G1453,0)} -> 0 | I1453: {=MAX($F$1076:F1453)} -> 261280 | K1453: {=MAX(0,I1453-I1452)} -> 0 | L1453: {=MIN(F1453:F1482)} -> 160380 | M1453: {=MAX(0,L1453-L1452)} -> 0 | N1453: {=MIN(M1453,H1453-K1453)} -> 0 | O1453: {=K1453+N1453} -> 0 | P1453: {=H1453-O1453} -> 0 | Q1453: {=MAX(0,IF(AND(K1453=0,P1453>0),0,Q1452+K1453+U1452))} -> 0 | R1453: {=MAX(0,R1452+P1453+V1452)} -> 0 | S1453: {=IF(G1453<0,G1453,0)} -> -180 | T1453: {=MIN(0,S1453+R1452+V1452)} -> -180 | U1453: {=MAX(S1453,IF(Q1453>0,MAX(-Q1453,S1453),T1453))} -> -180 | V1453: {=S1453-U1453} -> 0
A1454: {=A1453+1} -> 44544 | B1454: {=YEAR(A1454)} -> 2021 | C1454: {=MONTH(A1454)} -> 12 | E1454: 161370 | F1454: {=E1454} -> 161370 | G1454: {=F1454-F1453} -> 230 | H1454: {=IF(G1454>0,G1454,0)} -> 230 | I1454: {=MAX($F$1076:F1454)} -> 261280 | K1454: {=MAX(0,I1454-I1453)} -> 0 | L1454: {=MIN(F1454:F1483)} -> 160380 | M1454: {=MAX(0,L1454-L1453)} -> 0 | N1454: {=MIN(M1454,H1454-K1454)} -> 0 | O1454: {=K1454+N1454} -> 0 | P1454: {=H1454-O1454} -> 230 | Q1454: {=MAX(0,IF(AND(K1454=0,P1454>0),0,Q1453+K1454+U1453))} -> 0 | R1454: {=MAX(0,R1453+P1454+V1453)} -> 230 | S1454: {=IF(G1454<0,G1454,0)} -> 0 | T1454: {=MIN(0,S1454+R1453+V1453)} -> 0 | U1454: {=MAX(S1454,IF(Q1454>0,MAX(-Q1454,S1454),T1454))} -> 0 | V1454: {=S1454-U1454} -> 0
A1455: {=A1454+1} -> 44545 | B1455: {=YEAR(A1455)} -> 2021 | C1455: {=MONTH(A1455)} -> 12 | E1455: 161190 | F1455: {=E1455} -> 161190 | G1455: {=F1455-F1454} -> -180 | H1455: {=IF(G1455>0,G1455,0)} -> 0 | I1455: {=MAX($F$1076:F1455)} -> 261280 | K1455: {=MAX(0,I1455-I1454)} -> 0 | L1455: {=MIN(F1455:F1484)} -> 160380 | M1455: {=MAX(0,L1455-L1454)} -> 0 | N1455: {=MIN(M1455,H1455-K1455)} -> 0 | O1455: {=K1455+N1455} -> 0 | P1455: {=H1455-O1455} -> 0 | Q1455: {=MAX(0,IF(AND(K1455=0,P1455>0),0,Q1454+K1455+U1454))} -> 0 | R1455: {=MAX(0,R1454+P1455+V1454)} -> 230 | S1455: {=IF(G1455<0,G1455,0)} -> -180 | T1455: {=MIN(0,S1455+R1454+V1454)} -> 0 | U1455: {=MAX(S1455,IF(Q1455>0,MAX(-Q1455,S1455),T1455))} -> 0 | V1455: {=S1455-U1455} -> -180
A1456: {=A1455+1} -> 44546 | B1456: {=YEAR(A1456)} -> 2021 | C1456: {=MONTH(A1456)} -> 12 | E1456: 160830 | F1456: {=E1456} -> 160830 | G1456: {=F1456-F1455} -> -360 | H1456: {=IF(G1456>0,G1456,0)} -> 0 | I1456: {=MAX($F$1076:F1456)} -> 261280 | K1456: {=MAX(0,I1456-I1455)} -> 0 | L1456: {=MIN(F1456:F1485)} -> 160380 | M1456: {=MAX(0,L1456-L1455)} -> 0 | N1456: {=MIN(M1456,H1456-K1456)} -> 0 | O1456: {=K1456+N1456} -> 0 | P1456: {=H1456-O1456} -> 0 | Q1456: {=MAX(0,IF(AND(K1456=0,P1456>0),0,Q1455+K1456+U1455))} -> 0 | R1456: {=MAX(0,R1455+P1456+V1455)} -> 50 | S1456: {=IF(G1456<0,G1456,0)} -> -360 | T1456: {=MIN(0,S1456+R1455+V1455)} -> -310 | U1456: {=MAX(S1456,IF(Q1456>0,MAX(-Q1456,S1456),T1456))} -> -310 | V1456: {=S1456-U1456} -> -50
A1457: {=A1456+1} -> 44547 | B1457: {=YEAR(A1457)} -> 2021 | C1457: {=MONTH(A1457)} -> 12 | E1457: 160380 | F1457: {=E1457} -> 160380 | G1457: {=F1457-F1456} -> -450 | H1457: {=IF(G1457>0,G1457,0)} -> 0 | I1457: {=MAX($F$1076:F1457)} -> 261280 | K1457: {=MAX(0,I1457-I1456)} -> 0 | L1457: {=MIN(F1457:F1486)} -> 160380 | M1457: {=MAX(0,L1457-L1456)} -> 0 | N1457: {=MIN(M1457,H1457-K1457)} -> 0 | O1457: {=K1457+N1457} -> 0 | P1457: {=H1457-O1457} -> 0 | Q1457: {=MAX(0,IF(AND(K1457=0,P1457>0),0,Q1456+K1457+U1456))} -> 0 | R1457: {=MAX(0,R1456+P1457+V1456)} -> 0 | S1457: {=IF(G1457<0,G1457,0)} -> -450 | T1457: {=MIN(0,S1457+R1456+V1456)} -> -450 | U1457: {=MAX(S1457,IF(Q1457>0,MAX(-Q1457,S1457),T1457))} -> -450 | V1457: {=S1457-U1457} -> 0
A1458: {=A1457+1} -> 44548 | B1458: {=YEAR(A1458)} -> 2021 | C1458: {=MONTH(A1458)} -> 12 | E1458: 160920 | F1458: {=E1458} -> 160920 | G1458: {=F1458-F1457} -> 540 | H1458: {=IF(G1458>0,G1458,0)} -> 540 | I1458: {=MAX($F$1458:F1458)} -> 160920 | J1458: <--- | K1458: {=MAX(0,I1458-I1457)} -> 0 | L1458: {=MIN(F1458:F1487)} -> 160920 | M1458: {=MAX(0,L1458-L1457)} -> 540 | N1458: {=MIN(M1458,H1458-K1458)} -> 540 | O1458: {=K1458+N1458} -> 540 | P1458: {=H1458-O1458} -> 0 | Q1458: {=MAX(0,IF(AND(K1458=0,P1458>0),0,Q1457+K1458+U1457))} -> 0 | R1458: {=MAX(0,R1457+P1458+V1457)} -> 0 | S1458: {=IF(G1458<0,G1458,0)} -> 0 | T1458: {=MIN(0,S1458+R1457+V1457)} -> 0 | U1458: {=MAX(S1458,IF(Q1458>0,MAX(-Q1458,S1458),T1458))} -> 0 | V1458: {=S1458-U1458} -> 0
...

Sheet P+C
A1: Reservoir A+B - Collection to Storage and Withdrawal from Storage (30-day rule)
K2: 68150 | L2: 184570080 | M2: 72550 | N2: 15800 | O2: 83950 | P2: 6210
K3: {=SUM(K2475:K2843)} -> 67120 | L3: {=SUM(L2475:L2843)} -> 184570080 | M3: {=SUM(M2475:M2843)} -> 72550 | N3: {=SUM(N2475:N2843)} -> 15950 | O3: {=SUM(O2475:O2843)} -> 83070 | P3: {=SUM(P2475:P2843)} -> 7090 | U3: {=SUM(U2475:U2843)} -> -129390 | V3: {=SUM(V2475:V2843)} -> -7090
D4: INPUT/Link | E4: INPUT/Link | I4: INPUT/Calc
O5: For Water Rts Reports | U5: For Water Rts Reports
A6: 1 | F6: 2 | H6: 4 | I6: 4.1 | J6: 4.2 | K6: 5 | N6: 6 | O6: 7 | P6: 8 | S6: 9 | U6: 10 | V6: 11
A7: DATA | K7: Collection to Storage | S7: Withdrawal from Storage
A8: Date | B8: Year | C8: month | D8: {='P'!D8} -> Reservoir A | E8: {='C'!E8} -> Reservoir B | F8: Reservoir A+B | G8: A+B Storage Change | H8: A+B Storage Gain | I8: Moving Maximum from Starting Date | J8: check (starting date) | K8: Initial Collection to Storage | L8: Forward 30-day Moving Minimum | M8: +ΔS | N8: Refill Collection | O8: Total Collection to Storage | P8: Regulatory Collection to Storage | Q8: Cumulative Initial Collection between Reg Collections | R8: Remaining Cumulative Reg Collection | S8: Storage Loss | T8: WD | U8: WD from Storage | V8: Regulatory WD | X8: Manual Corrections
D9: (AF) | F9: (AF) | G9: (AF) | H9: (AF) | K9: (AF) | N9: (AF) | O9: (AF) | P9: (AF) | S9: (AF) | U9: (AF) | V9: (AF)
A10: 43100 | D10: 192770 | E10: 303310 | F10: {=D10+E10} -> 496080
A11: {=A10+1} -> 43101 | B11: {=YEAR(A11)} -> 2018 | C11: {=MONTH(A11)} -> 1 | D11: {='P'!D11} -> 193200 | E11: {='C'!E11} -> 302740 | F11: {=D11+E11} -> 495940 | G11: {=F11-F10} -> -140 | H11: {=IF(G11>0,G11,0)} -> 0 | I11: {=MAX($F$10:F11)} -> 496080 | L11: {=MIN(F11:F40)} -> 495750 | M11: {=MAX(0,L11-L10)} -> 495750 | N11: {=MIN(M11,H11-K11)} -> 0 | O11: {=K11+N11} -> 0 | P11: {=H11-O11} -> 0 | Q11: {=MAX(0,IF(AND(K11=0,P11>0),0,Q10+K11+U10))} -> 0 | R11: {=MAX(0,R10+P11+V10)} -> 0 | S11: {=IF(G11<0,G11,0)} -> -140 | T11: {=MIN(0,S11+R10+V10)} -> -140 | U11: {=MAX(S11,IF(Q11>0,MAX(-Q11,S11),T11))} -> -140 | V11: {=S11-U11} -> 0 | Y11: {=#REF!} | Z11: {=MAX(O11-Y11,0)}
A12: {=A11+1} -> 43102 | B12: {=YEAR(A12)} -> 2018 | C12: {=MONTH(A12)} -> 1 | D12: {='P'!D12} -> 193720 | E12: {='C'!E12} -> 302030 | F12: {=D12+E12} -> 495750 | G12: {=F12-F11} -> -190 | H12: {=IF(G12>0,G12,0)} -> 0 | I12: {=MAX($F$10:F12)} -> 496080 | K12: {=MAX(0,I12-I11)} -> 0 | L12: {=MIN(F12:F41)} -> 495750 | M12: {=MAX(0,L12-L11)} -> 0 | N12: {=MIN(M12,H12-K12)} -> 0 | O12: {=K12+N12} -> 0 | P12: {=H12-O12} -> 0 | Q12: {=MAX(0,IF(AND(K12=0,P12>0),0,Q11+K12+U11))} -> 0 | R12: {=MAX(0,R11+P12+V11)} -> 0 | S12: {=IF(G12<0,G12,0)} -> -190 | T12: {=MIN(0,S12+R11+V11)} -> -190 | U12: {=MAX(S12,IF(Q12>0,MAX(-Q12,S12),T12))} -> -190 | V12: {=S12-U12} -> 0 | Y12: {=#REF!} | Z12: {=MAX(O12-Y12,0)}
A13: {=A12+1} -> 43103 | B13: {=YEAR(A13)} -> 2018 | C13: {=MONTH(A13)} -> 1 | D13: {='P'!D13} -> 194090 | E13: {='C'!E13} -> 301770 | F13: {=D13+E13} -> 495860 | G13: {=F13-F12} -> 110 | H13: {=IF(G13>0,G13,0)} -> 110 | I13: {=MAX($F$10:F13)} -> 496080 | K13: {=MAX(0,I13-I12)} -> 0 | L13: {=MIN(F13:F42)} -> 495850 | M13: {=MAX(0,L13-L12)} -> 100 | N13: {=MIN(M13,H13-K13)} -> 100 | O13: {=K13+N13} -> 100 | P13: {=H13-O13} -> 10 | Q13: {=MAX(0,IF(AND(K13=0,P13>0),0,Q12+K13+U12))} -> 0 | R13: {=MAX(0,R12+P13+V12)} -> 10 | S13: {=IF(G13<0,G13,0)} -> 0 | T13: {=MIN(0,S13+R12+V12)} -> 0 | U13: {=MAX(S13,IF(Q13>0,MAX(-Q13,S13),T13))} -> 0 | V13: {=S13-U13} -> 0 | Y13: {=#REF!} | Z13: {=MAX(O13-Y13,0)}
A14: {=A13+1} -> 43104 | B14: {=YEAR(A14)} -> 2018 | C14: {=MONTH(A14)} -> 1 | D14: {='P'!D14} -> 194780 | E14: {='C'!E14} -> 301130 | F14: {=D14+E14} -> 495910 | G14: {=F14-F13} -> 50 | H14: {=IF(G14>0,G14,0)} -> 50 | I14: {=MAX($F$10:F14)} -> 496080 | K14: {=MAX(0,I14-I13)} -> 0 | L14: {=MIN(F14:F43)} -> 495850 | M14: {=MAX(0,L14-L13)} -> 0 | N14: {=MIN(M14,H14-K14)} -> 0 | O14: {=K14+N14} -> 0 | P14: {=H14-O14} -> 50 | Q14: {=MAX(0,IF(AND(K14=0,P14>0),0,Q13+K14+U13))} -> 0 | R14: {=MAX(0,R13+P14+V13)} -> 60 | S14: {=IF(G14<0,G14,0)} -> 0 | T14: {=MIN(0,S14+R13+V13)} -> 0 | U14: {=MAX(S14,IF(Q14>0,MAX(-Q14,S14),T14))} -> 0 | V14: {=S14-U14} -> 0 | Y14: {=#REF!} | Z14: {=MAX(O14-Y14,0)}
A15: {=A14+1} -> 43105 | B15: {=YEAR(A15)} -> 2018 | C15: {=MONTH(A15)} -> 1 | D15: {='P'!D15} -> 195360 | E15: {='C'!E15} -> 300490 | F15: {=D15+E15} -> 495850 | G15: {=F15-F14} -> -60 | H15: {=IF(G15>0,G15,0)} -> 0 | I15: {=MAX($F$10:F15)} -> 496080 | K15: {=MAX(0,I15-I14)} -> 0 | L15: {=MIN(F15:F44)} -> 495850 | M15: {=MAX(0,L15-L14)} -> 0 | N15: {=MIN(M15,H15-K15)} -> 0 | O15: {=K15+N15} -> 0 | P15: {=H15-O15} -> 0 | Q15: {=MAX(0,IF(AND(K15=0,P15>0),0,Q14+K15+U14))} -> 0 | R15: {=MAX(0,R14+P15+V14)} -> 60 | S15: {=IF(G15<0,G15,0)} -> -60 | T15: {=MIN(0,S15+R14+V14)} -> 0 | U15: {=MAX(S15,IF(Q15>0,MAX(-Q15,S15),T15))} -> 0 | V15: {=S15-U15} -> -60 | Y15: {=#REF!} | Z15: {=MAX(O15-Y15,0)}
A16: {=A15+1} -> 43106 | B16: {=YEAR(A16)} -> 2018 | C16: {=MONTH(A16)} -> 1 | D16: {='P'!D16} -> 196210 | E16: {='C'!E16} -> 299970 | F16: {=D16+E16} -> 496180 | G16: {=F16-F15} -> 330 | H16: {=IF(G16>0,G16,0)} -> 330 | I16: {=MAX($F$10:F16)} -> 496180 | K16: {=MAX(0,I16-I15)} -> 100 | L16: {=MIN(F16:F45)} -> 496180 | M16: {=MAX(0,L16-L15)} -> 330 | N16: {=MIN(M16,H16-K16)} -> 230 | O16: {=K16+N16} -> 330 | P16: {=H16-O16} -> 0 | Q16: {=MAX(0,IF(AND(K16=0,P16>0),0,Q15+K16+U15))} -> 100 | R16: {=MAX(0,R15+P16+V15)} -> 0 | S16: {=IF(G16<0,G16,0)} -> 0 | T16: {=MIN(0,S16+R15+V15)} -> 0 | U16: {=MAX(S16,IF(Q16>0,MAX(-Q16,S16),T16))} -> 0 | V16: {=S16-U16} -> 0 | Y16: {=#REF!} | Z16: {=MAX(O16-Y16,0)}
A17: {=A16+1} -> 43107 | B17: {=YEAR(A17)} -> 2018 | C17: {=MONTH(A17)} -> 1 | D17: {='P'!D17} -> 197470 | E17: {='C'!E17} -> 299400 | F17: {=D17+E17} -> 496870 | G17: {=F17-F16} -> 690 | H17: {=IF(G17>0,G17,0)} -> 690 | I17: {=MAX($F$10:F17)} -> 496870 | K17: {=MAX(0,I17-I16)} -> 690 | L17: {=MIN(F17:F46)} -> 496230 | M17: {=MAX(0,L17-L16)} -> 50 | N17: {=MIN(M17,H17-K17)} -> 0 | O17: {=K17+N17} -> 690 | P17: {=H17-O17} -> 0 | Q17: {=MAX(0,IF(AND(K17=0,P17>0),0,Q16+K17+U16))} -> 790 | R17: {=MAX(0,R16+P17+V16)} -> 0 | S17: {=IF(G17<0,G17,0)} -> 0 | T17: {=MIN(0,S17+R16+V16)} -> 0 | U17: {=MAX(S17,IF(Q17>0,MAX(-Q17,S17),T17))} -> 0 | V17: {=S17-U17} -> 0 | Y17: {=#REF!} | Z17: {=MAX(O17-Y17,0)}
A18: {=A17+1} -> 43108 | B18: {=YEAR(A18)} -> 2018 | C18: {=MONTH(A18)} -> 1 | D18: {='P'!D18} -> 197280 | E18: {='C'!E18} -> 300810 | F18: {=D18+E18} -> 498090 | G18: {=F18-F17} -> 1220 | H18: {=IF(G18>0,G18,0)} -> 1220 | I18: {=MAX($F$10:F18)} -> 498090 | K18: {=MAX(0,I18-I17)} -> 1220 | L18: {=MIN(F18:F47)} -> 496130 | M18: {=MAX(0,L18-L17)} -> 0 | N18: {=MIN(M18,H18-K18)} -> 0 | O18: {=K18+N18} -> 1220 | P18: {=H18-O18} -> 0 | Q18: {=MAX(0,IF(AND(K18=0,P18>0),0,Q17+K18+U17))} -> 2010 | R18: {=MAX(0,R17+P18+V17)} -> 0 | S18: {=IF(G18<0,G18,0)} -> 0 | T18: {=MIN(0,S18+R17+V17)} -> 0 | U18: {=MAX(S18,IF(Q18>0,MAX(-Q18,S18),T18))} -> 0 | V18: {=S18-U18} -> 0 | Y18: {=#REF!} | Z18: {=MAX(O18-Y18,0)}
A19: {=A18+1} -> 43109 | B19: {=YEAR(A19)} -> 2018 | C19: {=MONTH(A19)} -> 1 | D19: {='P'!D19} -> 197580 | E19: {='C'!E19} -> 302160 | F19: {=D19+E19} -> 499740 | G19: {=F19-F18} -> 1650 | H19: {=IF(G19>0,G19,0)} -> 1650 | I19: {=MAX($F$10:F19)} -> 499740 | K19: {=MAX(0,I19-I18)} -> 1650 | L19: {=MIN(F19:F48)} -> 495830 | M19: {=MAX(0,L19-L18)} -> 0 | N19: {=MIN(M19,H19-K19)} -> 0 | O19: {=K19+N19} -> 1650 | P19: {=H19-O19} -> 0 | Q19: {=MAX(0,IF(AND(K19=0,P19>0),0,Q18+K19+U18))} -> 3660 | R19: {=MAX(0,R18+P19+V18)} -> 0 | S19: {=IF(G19<0,G19,0)} -> 0 | T19: {=MIN(0,S19+R18+V18)} -> 0 | U19: {=MAX(S19,IF(Q19>0,MAX(-Q19,S19),T19))} -> 0 | V19: {=S19-U19} -> 0 | Y19: {=#REF!} | Z19: {=MAX(O19-Y19,0)}
A20: {=A19+1} -> 43110 | B20: {=YEAR(A20)} -> 2018 | C20: {=MONTH(A20)} -> 1 | D20: {='P'!D20} -> 196450 | E20: {='C'!E20} -> 303890 | F20: {=D20+E20} -> 500340 | G20: {=F20-F19} -> 600 | H20: {=IF(G20>0,G20,0)} -> 600 | I20: {=MAX($F$10:F20)} -> 500340 | K20: {=MAX(0,I20-I19)} -> 600 | L20: {=MIN(F20:F49)} -> 495630 | M20: {=MAX(0,L20-L19)} -> 0 | N20: {=MIN(M20,H20-K20)} -> 0 | O20: {=K20+N20} -> 600 | P20: {=H20-O20} -> 0 | Q20: {=MAX(0,IF(AND(K20=0,P20>0),0,Q19+K20+U19))} -> 4260 | R20: {=MAX(0,R19+P20+V19)} -> 0 | S20: {=IF(G20<0,G20,0)} -> 0 | T20: {=MIN(0,S20+R19+V19)} -> 0 | U20: {=MAX(S20,IF(Q20>0,MAX(-Q20,S20),T20))} -> 0 | V20: {=S20-U20} -> 0 | Y20: {=#REF!} | Z20: {=MAX(O20-Y20,0)}
A21: {=A20+1} -> 43111 | B21: {=YEAR(A21)} -> 2018 | C21: {=MONTH(A21)} -> 1 | D21: {='P'!D21} -> 195320 | E21: {='C'!E21} -> 305050 | F21: {=D21+E21} -> 500370 | G21: {=F21-F20} -> 30 | H21: {=IF(G21>0,G21,0)} -> 30 | I21: {=MAX($F$10:F21)} -> 500370 | K21: {=MAX(0,I21-I20)} -> 30 | L21: {=MIN(F21:F50)} -> 495570 | M21: {=MAX(0,L21-L20)} -> 0 | N21: {=MIN(M21,H21-K21)} -> 0 | O21: {=K21+N21} -> 30 | P21: {=H21-O21} -> 0 | Q21: {=MAX(0,IF(AND(K21=0,P21>0),0,Q20+K21+U20))} -> 4290 | R21: {=MAX(0,R20+P21+V20)} -> 0 | S21: {=IF(G21<0,G21,0)} -> 0 | T21: {=MIN(0,S21+R20+V20)} -> 0 | U21: {=MAX(S21,IF(Q21>0,MAX(-Q21,S21),T21))} -> 0 | V21: {=S21-U21} -> 0 | Y21: {=#REF!} | Z21: {=MAX(O21-Y21,0)}
A22: {=A21+1} -> 43112 | B22: {=YEAR(A22)} -> 2018 | C22: {=MONTH(A22)} -> 1 | D22: {='P'!D22} -> 194130 | E22: {='C'!E22} -> 306350 | F22: {=D22+E22} -> 500480 | G22: {=F22-F21} -> 110 | H22: {=IF(G22>0,G22,0)} -> 110 | I22: {=MAX($F$10:F22)} -> 500480 | K22: {=MAX(0,I22-I21)} -> 110 | L22: {=MIN(F22:F51)} -> 495200 | M22: {=MAX(0,L22-L21)} -> 0 | N22: {=MIN(M22,H22-K22)} -> 0 | O22: {=K22+N22} -> 110 | P22: {=H22-O22} -> 0 | Q22: {=MAX(0,IF(AND(K22=0,P22>0),0,Q21+K22+U21))} -> 4400 | R22: {=MAX(0,R21+P22+V21)} -> 0 | S22: {=IF(G22<0,G22,0)} -> 0 | T22: {=MIN(0,S22+R21+V21)} -> 0 | U22: {=MAX(S22,IF(Q22>0,MAX(-Q22,S22),T22))} -> 0 | V22: {=S22-U22} -> 0 | Y22: {=#REF!} | Z22: {=MAX(O22-Y22,0)}
A23: {=A22+1} -> 43113 | B23: {=YEAR(A23)} -> 2018 | C23: {=MONTH(A23)} -> 1 | D23: {='P'!D23} -> 192750 | E23: {='C'!E23} -> 307580 | F23: {=D23+E23} -> 500330 | G23: {=F23-F22} -> -150 | H23: {=IF(G23>0,G23,0)} -> 0 | I23: {=MAX($F$10:F23)} -> 500480 | K23: {=MAX(0,I23-I22)} -> 0 | L23: {=MIN(F23:F52)} -> 494960 | M23: {=MAX(0,L23-L22)} -> 0 | N23: {=MIN(M23,H23-K23)} -> 0 | O23: {=K23+N23} -> 0 | P23: {=H23-O23} -> 0 | Q23: {=MAX(0,IF(AND(K23=0,P23>0),0,Q22+K23+U22))} -> 4400 | R23: {=MAX(0,R22+P23+V22)} -> 0 | S23: {=IF(G23<0,G23,0)} -> -150 | T23: {=MIN(0,S23+R22+V22)} -> -150 | U23: {=MAX(S23,IF(Q23>0,MAX(-Q23,S23),T23))} -> -150 | V23: {=S23-U23} -> 0 | Y23: {=#REF!} | Z23: {=MAX(O23-Y23,0)}
... A333: {=A332+1} -> 43423 | B333: {=YEAR(A333)} -> 2018 | C333: {=MONTH(A333)} -> 11 | D333: {='P'!D333} -> 186760 | E333: {='C'!E333} -> 299460 | F333: {=D333+E333} -> 486220 | G333: {=F333-F332} -> -360 | H333: {=IF(G333>0,G333,0)} -> 0 | I333: {=MAX($F$10:F333)} -> 591510 | K333: {=MAX(0,I333-I332)} -> 0 | L333: {=MIN(F333:F362)} -> 485910 | M333: {=MAX(0,L333-L332)} -> 0 | N333: {=MIN(M333,H333-K333)} -> 0 | O333: {=K333+N333} -> 0 | P333: {=H333-O333} -> 0 | Q333: {=MAX(0,IF(AND(K333=0,P333>0),0,Q332+K333+U332))} -> 0 | R333: {=MAX(0,R332+P333+V332)} -> 0 | S333: {=IF(G333<0,G333,0)} -> -360 | T333: {=MIN(0,S333+R332+V332)} -> -360 | U333: {=MAX(S333,IF(Q333>0,MAX(-Q333,S333),T333))} -> -360 | V333: {=S333-U333} -> 0 | Y333: {=#REF!} | Z333: {=MAX(O333-Y333,0)}
A334: {=A333+1} -> 43424 | B334: {=YEAR(A334)} -> 2018 | C334: {=MONTH(A334)} -> 11 | D334: {='P'!D334} -> 186640 | E334: {='C'!E334} -> 299270 | F334: {=D334+E334} -> 485910 | G334: {=F334-F333} -> -310 | H334: {=IF(G334>0,G334,0)} -> 0 | I334: {=MAX($F$334:F334)} -> 485910 | J334: <--- | K334: {=MAX(0,I334-I333)} -> 0 | L334: {=MIN(F334:F363)} -> 485910 | M334: {=MAX(0,L334-L333)} -> 0 | N334: {=MIN(M334,H334-K334)} -> 0 | O334: {=K334+N334} -> 0 | P334: {=H334-O334} -> 0 | Q334: {=MAX(0,IF(AND(K334=0,P334>0),0,Q333+K334+U333))} -> 0 | R334: {=MAX(0,R333+P334+V333)} -> 0 | S334: {=IF(G334<0,G334,0)} -> -310 | T334: {=MIN(0,S334+R333+V333)} -> -310 | U334: {=MAX(S334,IF(Q334>0,MAX(-Q334,S334),T334))} -> -310 | V334: {=S334-U334} -> 0 | Y334: {=#REF!} | Z334: {=MAX(O334-Y334,0)}
A335: {=A334+1} -> 43425 | B335: {=YEAR(A335)} -> 2018 | C335: {=MONTH(A335)} -> 11 | D335: {='P'!D335} -> 186680 | E335: {='C'!E335} -> 299850 | F335: {=D335+E335} -> 486530 | G335: {=F335-F334} -> 620 | H335: {=IF(G335>0,G335,0)} -> 620 | I335: {=MAX($F$334:F335)} -> 486530 | K335: {=MAX(0,I335-I334)} -> 620 | L335: {=MIN(F335:F364)} -> 486010 | M335: {=MAX(0,L335-L334)} -> 100 | N335: {=MIN(M335,H335-K335)} -> 0 | O335: {=K335+N335} -> 620 | P335: {=H335-O335} -> 0 | Q335: {=MAX(0,IF(AND(K335=0,P335>0),0,Q334+K335+U334))} -> 310 | R335: {=MAX(0,R334+P335+V334)} -> 0 | S335: {=IF(G335<0,G335,0)} -> 0 | T335: {=MIN(0,S335+R334+V334)} -> 0 | U335: {=MAX(S335,IF(Q335>0,MAX(-Q335,S335),T335))} -> 0 | V335: {=S335-U335} -> 0 | Y335: {=#REF!} | Z335: {=MAX(O335-Y335,0)}
A336: {=A335+1} -> 43426 | B336: {=YEAR(A336)} -> 2018 | C336: {=MONTH(A336)} -> 11 | D336: {='P'!D336} -> 186620 | E336: {='C'!E336} -> 299720 | F336: {=D336+E336} -> 486340 | G336: {=F336-F335} -> -190 | H336: {=IF(G336>0,G336,0)} -> 0 | I336: {=MAX($F$334:F336)} -> 486530 | K336: {=MAX(0,I336-I335)} -> 0 | L336: {=MIN(F336:F365)} -> 486010 | M336: {=MAX(0,L336-L335)} -> 0 | N336: {=MIN(M336,H336-K336)} -> 0 | O336: {=K336+N336} -> 0 | P336: {=H336-O336} -> 0 | Q336: {=MAX(0,IF(AND(K336=0,P336>0),0,Q335+K336+U335))} -> 310 | R336: {=MAX(0,R335+P336+V335)} -> 0 | S336: {=IF(G336<0,G336,0)} -> -190 | T336: {=MIN(0,S336+R335+V335)} -> -190 | U336: {=MAX(S336,IF(Q336>0,MAX(-Q336,S336),T336))} -> -190 | V336: {=S336-U336} -> 0 | Y336: {=#REF!} | Z336: {=MAX(O336-Y336,0)}
A337: {=A336+1} -> 43427 | B337: {=YEAR(A337)} -> 2018 | C337: {=MONTH(A337)} -> 11 | D337: {='P'!D337} -> 186740 | E337: {='C'!E337} -> 299910 | F337: {=D337+E337} -> 486650 | G337: {=F337-F336} -> 310 | H337: {=IF(G337>0,G337,0)} -> 310 | I337: {=MAX($F$334:F337)} -> 486650 | K337: {=MAX(0,I337-I336)} -> 120 | L337: {=MIN(F337:F366)} -> 486010 | M337: {=MAX(0,L337-L336)} -> 0 | N337: {=MIN(M337,H337-K337)} -> 0 | O337: {=K337+N337} -> 120 | P337: {=H337-O337} -> 190 | Q337: {=MAX(0,IF(AND(K337=0,P337>0),0,Q336+K337+U336))} -> 240 | R337: {=MAX(0,R336+P337+V336)} -> 190 | S337: {=IF(G337<0,G337,0)} -> 0 | T337: {=MIN(0,S337+R336+V336)} -> 0 | U337: {=MAX(S337,IF(Q337>0,MAX(-Q337,S337),T337))} -> 0 | V337: {=S337-U337} -> 0 | Y337: {=#REF!} | Z337: {=MAX(O337-Y337,0)}
A338: {=A337+1} -> 43428 | B338: {=YEAR(A338)} -> 2018 | C338: {=MONTH(A338)} -> 11 | D338: {='P'!D338} -> 187020 | E338: {='C'!E338} -> 299780 | F338: {=D338+E338} -> 486800 | G338: {=F338-F337} -> 150 | H338: {=IF(G338>0,G338,0)} -> 150 | I338: {=MAX($F$334:F338)} -> 486800 | K338: {=MAX(0,I338-I337)} -> 150 | L338: {=MIN(F338:F367)} -> 486010 | M338: {=MAX(0,L338-L337)} -> 0 | N338: {=MIN(M338,H338-K338)} -> 0 | O338: {=K338+N338} -> 150 | P338: {=H338-O338} -> 0 | Q338: {=MAX(0,IF(AND(K338=0,P338>0),0,Q337+K338+U337))} -> 390 | R338: {=MAX(0,R337+P338+V337)} -> 190 | S338: {=IF(G338<0,G338,0)} -> 0 | T338: {=MIN(0,S338+R337+V337)} -> 0 | U338: {=MAX(S338,IF(Q338>0,MAX(-Q338,S338),T338))} -> 0 | V338: {=S338-U338} -> 0 | Y338: {=#REF!} | Z338: {=MAX(O338-Y338,0)}
A339: {=A338+1} -> 43429 | B339: {=YEAR(A339)} -> 2018 | C339: {=MONTH(A339)} -> 11 | D339: {='P'!D339} -> 187290 | E339: {='C'!E339} -> 299270 | F339: {=D339+E339} -> 486560 | G339: {=F339-F338} -> -240 | H339: {=IF(G339>0,G339,0)} -> 0 | I339: {=MAX($F$334:F339)} -> 486800 | K339: {=MAX(0,I339-I338)} -> 0 | L339: {=MIN(F339:F368)} -> 486010 | M339: {=MAX(0,L339-L338)} -> 0 | N339: {=MIN(M339,H339-K339)} -> 0 | O339: {=K339+N339} -> 0 | P339: {=H339-O339} -> 0 | Q339: {=MAX(0,IF(AND(K339=0,P339>0),0,Q338+K339+U338))} -> 390 | R339: {=MAX(0,R338+P339+V338)} -> 190 | S339: {=IF(G339<0,G339,0)} -> -240 | T339: {=MIN(0,S339+R338+V338)} -> -50 | U339: {=MAX(S339,IF(Q339>0,MAX(-Q339,S339),T339))} -> -240 | V339: {=S339-U339} -> 0 | Y339: {=#REF!} | Z339: {=MAX(O339-Y339,0)}
A340: {=A339+1} -> 43430 | B340: {=YEAR(A340)} -> 2018 | C340: {=MONTH(A340)} -> 11 | D340: {='P'!D340} -> 187440 | E340: {='C'!E340} -> 298820 | F340: {=D340+E340} -> 486260 | G340: {=F340-F339} -> -300 | H340: {=IF(G340>0,G340,0)} -> 0 | I340: {=MAX($F$334:F340)} -> 486800 | K340: {=MAX(0,I340-I339)} -> 0 | L340: {=MIN(F340:F369)} -> 486010 | M340: {=MAX(0,L340-L339)} -> 0 | N340: {=MIN(M340,H340-K340)} -> 0 | O340: {=K340+N340} -> 0 | P340: {=H340-O340} -> 0 | Q340: {=MAX(0,IF(AND(K340=0,P340>0),0,Q339+K340+U339))} -> 150 | R340: {=MAX(0,R339+P340+V339)} -> 190 | S340: {=IF(G340<0,G340,0)} -> -300 | T340: {=MIN(0,S340+R339+V339)} -> -110 | U340: {=MAX(S340,IF(Q340>0,MAX(-Q340,S340),T340))} -> -150 | V340: {=S340-U340} -> -150 | Y340: {=#REF!} | Z340: {=MAX(O340-Y340,0)}
A341: {=A340+1} -> 43431 | B341: {=YEAR(A341)} -> 2018 | C341: {=MONTH(A341)} -> 11 | D341: {='P'!D341} -> 187570 | E341: {='C'!E341} -> 298440 | F341: {=D341+E341} -> 486010 | G341: {=F341-F340} -> -250 | H341: {=IF(G341>0,G341,0)} -> 0 | I341: {=MAX($F$334:F341)} -> 486800 | K341: {=MAX(0,I341-I340)} -> 0 | L341: {=MIN(F341:F370)} -> 486010 | M341: {=MAX(0,L341-L340)} -> 0 | N341: {=MIN(M341,H341-K341)} -> 0 | O341: {=K341+N341} -> 0 | P341: {=H341-O341} -> 0 | Q341: {=MAX(0,IF(AND(K341=0,P341>0),0,Q340+K341+U340))} -> 0 | R341: {=MAX(0,R340+P341+V340)} -> 40 | S341: {=IF(G341<0,G341,0)} -> -250 | T341: {=MIN(0,S341+R340+V340)} -> -210 | U341: {=MAX(S341,IF(Q341>0,MAX(-Q341,S341),T341))} -> -210 | V341: {=S341-U341} -> -40 | Y341: {=#REF!} | Z341: {=MAX(O341-Y341,0)}
A342: {=A341+1} -> 43432 | B342: {=YEAR(A342)} -> 2018 | C342: {=MONTH(A342)} -> 11 | D342: {='P'!D342} -> 187970 | E342: {='C'!E342} -> 298060 | F342: {=D342+E342} -> 486030 | G342: {=F342-F341} -> 20 | H342: {=IF(G342>0,G342,0)} -> 20 | I342: {=MAX($F$334:F342)} -> 486800 | K342: {=MAX(0,I342-I341)} -> 0 | L342: {=MIN(F342:F371)} -> 486030 | M342: {=MAX(0,L342-L341)} -> 20 | N342: {=MIN(M342,H342-K342)} -> 20 | O342: {=K342+N342} -> 20 | P342: {=H342-O342} -> 0 | Q342: {=MAX(0,IF(AND(K342=0,P342>0),0,Q341+K342+U341))} -> 0 | R342: {=MAX(0,R341+P342+V341)} -> 0 | S342: {=IF(G342<0,G342,0)} -> 0 | T342: {=MIN(0,S342+R341+V341)} -> 0 | U342: {=MAX(S342,IF(Q342>0,MAX(-Q342,S342),T342))} -> 0 | V342: {=S342-U342} -> 0 | Y342: {=#REF!} | Z342: {=MAX(O342-Y342,0)}
A343: {=A342+1} -> 43433 | B343: {=YEAR(A343)} -> 2018 | C343: {=MONTH(A343)} -> 11 | D343: {='P'!D343} -> 188710 | E343: {='C'!E343} -> 297930 | F343: {=D343+E343} -> 486640 | G343: {=F343-F342} -> 610 | H343: {=IF(G343>0,G343,0)} -> 610 | I343: {=MAX($F$334:F343)} -> 486800 | K343: {=MAX(0,I343-I342)} -> 0 | L343: {=MIN(F343:F372)} -> 486270 | M343: {=MAX(0,L343-L342)} -> 240 | N343: {=MIN(M343,H343-K343)} -> 240 | O343: {=K343+N343} -> 240 | P343: {=H343-O343} -> 370 | Q343: {=MAX(0,IF(AND(K343=0,P343>0),0,Q342+K343+U342))} -> 0 | R343: {=MAX(0,R342+P343+V342)} -> 370 | S343: {=IF(G343<0,G343,0)} -> 0 | T343: {=MIN(0,S343+R342+V342)} -> 0 | U343: {=MAX(S343,IF(Q343>0,MAX(-Q343,S343),T343))} -> 0 | V343: {=S343-U343} -> 0 | Y343: {=#REF!} | Z343: {=MAX(O343-Y343,0)}
A344: {=A343+1} -> 43434 | B344: {=YEAR(A344)} -> 2018 | C344: {=MONTH(A344)} -> 11 | D344: {='P'!D344} -> 189780 | E344: {='C'!E344} -> 297230 | F344: {=D344+E344} -> 487010 | G344: {=F344-F343} -> 370 | H344: {=IF(G344>0,G344,0)} -> 370 | I344: {=MAX($F$334:F344)} -> 487010 | K344: {=MAX(0,I344-I343)} -> 210 | L344: {=MIN(F344:F373)} -> 486270 | M344: {=MAX(0,L344-L343)} -> 0 | N344: {=MIN(M344,H344-K344)} -> 0 | O344: {=K344+N344} -> 210 | P344: {=H344-O344} -> 160 | Q344: {=MAX(0,IF(AND(K344=0,P344>0),0,Q343+K344+U343))} -> 210 | R344: {=MAX(0,R343+P344+V343)} -> 530 | S344: {=IF(G344<0,G344,0)} -> 0 | T344: {=MIN(0,S344+R343+V343)} -> 0 | U344: {=MAX(S344,IF(Q344>0,MAX(-Q344,S344),T344))} -> 0 | V344: {=S344-U344} -> 0 | Y344: {=#REF!} | Z344: {=MAX(O344-Y344,0)}
A345: {=A344+1} -> 43435 | B345: {=YEAR(A345)} -> 2018 | C345: {=MONTH(A345)} -> 12 | D345: {='P'!D345} -> 190740 | E345: {='C'!E345} -> 296850 | F345: {=D345+E345} -> 487590 | G345: {=F345-F344} -> 580 | H345: {=IF(G345>0,G345,0)} -> 580 | I345: {=MAX($F$334:F345)} -> 487590 | K345: {=MAX(0,I345-I344)} -> 580 | L345: {=MIN(F345:F374)} -> 486270 | M345: {=MAX(0,L345-L344)} -> 0 | N345: {=MIN(M345,H345-K345)} -> 0 | O345: {=K345+N345} -> 580 | P345: {=H345-O345} -> 0 | Q345: {=MAX(0,IF(AND(K345=0,P345>0),0,Q344+K345+U344))} -> 790 | R345: {=MAX(0,R344+P345+V344)} -> 530 | S345: {=IF(G345<0,G345,0)} -> 0 | T345: {=MIN(0,S345+R344+V344)} -> 0 | U345: {=MAX(S345,IF(Q345>0,MAX(-Q345,S345),T345))} -> 0 | V345: {=S345-U345} -> 0 | Y345: {=#REF!} | Z345: {=MAX(O345-Y345,0)}
A346: {=A345+1} -> 43436 | B346: {=YEAR(A346)} -> 2018 | C346: {=MONTH(A346)} -> 12 | D346: {='P'!D346} -> 191380 | E346: {='C'!E346} -> 296400 | F346: {=D346+E346} -> 487780 | G346: {=F346-F345} -> 190 | H346: {=IF(G346>0,G346,0)} -> 190 | I346: {=MAX($F$334:F346)} -> 487780 | K346: {=MAX(0,I346-I345)} -> 190 | L346: {=MIN(F346:F375)} -> 486270 | M346: {=MAX(0,L346-L345)} -> 0 | N346: {=MIN(M346,H346-K346)} -> 0 | O346: {=K346+N346} -> 190 | P346: {=H346-O346} -> 0 | Q346: {=MAX(0,IF(AND(K346=0,P346>0),0,Q345+K346+U345))} -> 980 | R346: {=MAX(0,R345+P346+V345)} -> 530 | S346: {=IF(G346<0,G346,0)} -> 0 | T346: {=MIN(0,S346+R345+V345)} -> 0 | U346: {=MAX(S346,IF(Q346>0,MAX(-Q346,S346),T346))} -> 0 | V346: {=S346-U346} -> 0 | Y346: {=#REF!} | Z346: {=MAX(O346-Y346,0)}
... A708: {=A707+1} -> 43798 | B708: {=YEAR(A708)} -> 2019 | C708: {=MONTH(A708)} -> 11 | D708: {='P'!D708} -> 177050 | E708: {='C'!E708} -> 295950 | F708: {=D708+E708} -> 473000 | G708: {=F708-F707} -> -410 | H708: {=IF(G708>0,G708,0)} -> 0 | I708: {=MAX($F$334:F708)} -> 601880 | K708: {=MAX(0,I708-I707)} -> 0 | L708: {=MIN(F708:F737)} -> 472680 | M708: {=MAX(0,L708-L707)} -> 0 | N708: {=MIN(M708,H708-K708)} -> 0 | O708: {=K708+N708} -> 0 | P708: {=H708-O708} -> 0 | Q708: {=MAX(0,IF(AND(K708=0,P708>0),0,Q707+K708+U707))} -> 0 | R708: {=MAX(0,R707+P708+V707)} -> 0 | S708: {=IF(G708<0,G708,0)} -> -410 | T708: {=MIN(0,S708+R707+V707)} -> -410 | U708: {=MAX(S708,IF(Q708>0,MAX(-Q708,S708),T708))} -> -410 | V708: {=S708-U708} -> 0 | Y708: {=#REF!} | Z708: {=MAX(O708-Y708,0)}
A709: {=A708+1} -> 43799 | B709: {=YEAR(A709)} -> 2019 | C709: {=MONTH(A709)} -> 11 | D709: {='P'!D709} -> 176980 | E709: {='C'!E709} -> 295700 | F709: {=D709+E709} -> 472680 | G709: {=F709-F708} -> -320 | H709: {=IF(G709>0,G709,0)} -> 0 | I709: {=MAX($F$709:F709)} -> 472680 | J709: <---- | K709: {=MAX(0,I709-I708)} -> 0 | L709: {=MIN(F709:F738)} -> 472680 | M709: {=MAX(0,L709-L708)} -> 0 | N709: {=MIN(M709,H709-K709)} -> 0 | O709: {=K709+N709} -> 0 | P709: {=H709-O709} -> 0 | Q709: {=MAX(0,IF(AND(K709=0,P709>0),0,Q708+K709+U708))} -> 0 | R709: {=MAX(0,R708+P709+V708)} -> 0 | S709: {=IF(G709<0,G709,0)} -> -320 | T709: {=MIN(0,S709+R708+V708)} -> -320 | U709: {=MAX(S709,IF(Q709>0,MAX(-Q709,S709),T709))} -> -320 | V709: {=S709-U709} -> 0 | Y709: {=#REF!} | Z709: {=MAX(O709-Y709,0)}
A710: {=A709+1} -> 43800 | B710: {=YEAR(A710)} -> 2019 | C710: {=MONTH(A710)} -> 12 | D710: {='P'!D710} -> 177390 | E710: {='C'!E710} -> 296080 | F710: {=D710+E710} -> 473470 | G710: {=F710-F709} -> 790 | H710: {=IF(G710>0,G710,0)} -> 790 | I710: {=MAX($F$709:F710)} -> 473470 | K710: {=MAX(0,I710-I709)} -> 790 | L710: {=MIN(F710:F739)} -> 473470 | M710: {=MAX(0,L710-L709)} -> 790 | N710: {=MIN(M710,H710-K710)} -> 0 | O710: {=K710+N710} -> 790 | P710: {=H710-O710} -> 0 | Q710: {=MAX(0,IF(AND(K710=0,P710>0),0,Q709+K710+U709))} -> 470 | R710: {=MAX(0,R709+P710+V709)} -> 0 | S710: {=IF(G710<0,G710,0)} -> 0 | T710: {=MIN(0,S710+R709+V709)} -> 0 | U710: {=MAX(S710,IF(Q710>0,MAX(-Q710,S710),T710))} -> 0 | V710: {=S710-U710} -> 0 | Y710: {=#REF!} | Z710: {=MAX(O710-Y710,0)}
A711: {=A710+1} -> 43801 | B711: {=YEAR(A711)} -> 2019 | C711: {=MONTH(A711)} -> 12 | D711: {='P'!D711} -> 178700 | E711: {='C'!E711} -> 295950 | F711: {=D711+E711} -> 474650 | G711: {=F711-F710} -> 1180 | H711: {=IF(G711>0,G711,0)} -> 1180 | I711: {=MAX($F$709:F711)} -> 474650 | K711: {=MAX(0,I711-I710)} -> 1180 | L711: {=MIN(F711:F740)} -> 474650 | M711: {=MAX(0,L711-L710)} -> 1180 | N711: {=MIN(M711,H711-K711)} -> 0 | O711: {=K711+N711} -> 1180 | P711: {=H711-O711} -> 0 | Q711: {=MAX(0,IF(AND(K711=0,P711>0),0,Q710+K711+U710))} -> 1650 | R711: {=MAX(0,R710+P711+V710)} -> 0 | S711: {=IF(G711<0,G711,0)} -> 0 | T711: {=MIN(0,S711+R710+V710)} -> 0 | U711: {=MAX(S711,IF(Q711>0,MAX(-Q711,S711),T711))} -> 0 | V711: {=S711-U711} -> 0 | Y711: {=#REF!} | Z711: {=MAX(O711-Y711,0)}
A712: {=A711+1} -> 43802 | B712: {=YEAR(A712)} -> 2019 | C712: {=MONTH(A712)} -> 12 | D712: {='P'!D712} -> 179130 | E712: {='C'!E712} -> 295890 | F712: {=D712+E712} -> 475020 | G712: {=F712-F711} -> 370 | H712: {=IF(G712>0,G712,0)} -> 370 | I712: {=MAX($F$709:F712)} -> 475020 | K712: {=MAX(0,I712-I711)} -> 370 | L712: {=MIN(F712:F741)} -> 474900 | M712: {=MAX(0,L712-L711)} -> 250 | N712: {=MIN(M712,H712-K712)} -> 0 | O712: {=K712+N712} -> 370 | P712: {=H712-O712} -> 0 | Q712: {=MAX(0,IF(AND(K712=0,P712>0),0,Q711+K712+U711))} -> 2020 | R712: {=MAX(0,R711+P712+V711)} -> 0 | S712: {=IF(G712<0,G712,0)} -> 0 | T712: {=MIN(0,S712+R711+V711)} -> 0 | U712: {=MAX(S712,IF(Q712>0,MAX(-Q712,S712),T712))} -> 0 | V712: {=S712-U712} -> 0 | Y712: {=#REF!} | Z712: {=MAX(O712-Y712,0)}
A713: {=A712+1} -> 43803 | B713: {=YEAR(A713)} -> 2019 | C713: {=MONTH(A713)} -> 12 | D713: {='P'!D713} -> 179170 | E713: {='C'!E713} -> 296210 | F713: {=D713+E713} -> 475380 | G713: {=F713-F712} -> 360 | H713: {=IF(G713>0,G713,0)} -> 360 | I713: {=MAX($F$709:F713)} -> 475380 | K713: {=MAX(0,I713-I712)} -> 360 | L713: {=MIN(F713:F742)} -> 474900 | M713: {=MAX(0,L713-L712)} -> 0 | N713: {=MIN(M713,H713-K713)} -> 0 | O713: {=K713+N713} -> 360 | P713: {=H713-O713} -> 0 | Q713: {=MAX(0,IF(AND(K713=0,P713>0),0,Q712+K713+U712))} -> 2380 | R713: {=MAX(0,R712+P713+V712)} -> 0 | S713: {=IF(G713<0,G713,0)} -> 0 | T713: {=MIN(0,S713+R712+V712)} -> 0 | U713: {=MAX(S713,IF(Q713>0,MAX(-Q713,S713),T713))} -> 0 | V713: {=S713-U713} -> 0 | Y713: {=#REF!} | Z713: {=MAX(O713-Y713,0)}
A714: {=A713+1} -> 43804 | B714: {=YEAR(A714)} -> 2019 | C714: {=MONTH(A714)} -> 12 | D714: {='P'!D714} -> 178940 | E714: {='C'!E714} -> 296210 | F714: {=D714+E714} -> 475150 | G714: {=F714-F713} -> -230 | H714: {=IF(G714>0,G714,0)} -> 0 | I714: {=MAX($F$709:F714)} -> 475380 | K714: {=MAX(0,I714-I713)} -> 0 | L714: {=MIN(F714:F743)} -> 474900 | M714: {=MAX(0,L714-L713)} -> 0 | N714: {=MIN(M714,H714-K714)} -> 0 | O714: {=K714+N714} -> 0 | P714: {=H714-O714} -> 0 | Q714: {=MAX(0,IF(AND(K714=0,P714>0),0,Q713+K714+U713))} -> 2380 | R714: {=MAX(0,R713+P714+V713)} -> 0 | S714: {=IF(G714<0,G714,0)} -> -230 | T714: {=MIN(0,S714+R713+V713)} -> -230 | U714: {=MAX(S714,IF(Q714>0,MAX(-Q714,S714),T714))} -> -230 | V714: {=S714-U714} -> 0 | Y714: {=#REF!} | Z714: {=MAX(O714-Y714,0)}
A715: {=A714+1} -> 43805 | B715: {=YEAR(A715)} -> 2019 | C715: {=MONTH(A715)} -> 12 | D715: {='P'!D715} -> 178560 | E715: {='C'!E715} -> 296340 | F715: {=D715+E715} -> 474900 | G715: {=F715-F714} -> -250 | H715: {=IF(G715>0,G715,0)} -> 0 | I715: {=MAX($F$709:F715)} -> 475380 | K715: {=MAX(0,I715-I714)} -> 0 | L715: {=MIN(F715:F744)} -> 474900 | M715: {=MAX(0,L715-L714)} -> 0 | N715: {=MIN(M715,H715-K715)} -> 0 | O715: {=K715+N715} -> 0 | P715: {=H715-O715} -> 0 | Q715: {=MAX(0,IF(AND(K715=0,P715>0),0,Q714+K715+U714))} -> 2150 | R715: {=MAX(0,R714+P715+V714)} -> 0 | S715: {=IF(G715<0,G715,0)} -> -250 | T715: {=MIN(0,S715+R714+V714)} -> -250 | U715: {=MAX(S715,IF(Q715>0,MAX(-Q715,S715),T715))} -> -250 | V715: {=S715-U715} -> 0 | Y715: {=#REF!} | Z715: {=MAX(O715-Y715,0)}
A716: {=A715+1} -> 43806 | B716: {=YEAR(A716)} -> 2019 | C716: {=MONTH(A716)} -> 12 | D716: {='P'!D716} -> 179150 | E716: {='C'!E716} -> 296340 | F716: {=D716+E716} -> 475490 | G716: {=F716-F715} -> 590 | H716: {=IF(G716>0,G716,0)} -> 590 | I716: {=MAX($F$709:F716)} -> 475490 | K716: {=MAX(0,I716-I715)} -> 110 | L716: {=MIN(F716:F745)} -> 475420 | M716: {=MAX(0,L716-L715)} -> 520 | N716: {=MIN(M716,H716-K716)} -> 480 | O716: {=K716+N716} -> 590 | P716: {=H716-O716} -> 0 | Q716: {=MAX(0,IF(AND(K716=0,P716>0),0,Q715+K716+U715))} -> 2010 | R716: {=MAX(0,R715+P716+V715)} -> 0 | S716: {=IF(G716<0,G716,0)} -> 0 | T716: {=MIN(0,S716+R715+V715)} -> 0 | U716: {=MAX(S716,IF(Q716>0,MAX(-Q716,S716),T716))} -> 0 | V716: {=S716-U716} -> 0 | Y716: {=#REF!} | Z716: {=MAX(O716-Y716,0)}
A717: {=A716+1} -> 43807 | B717: {=YEAR(A717)} -> 2019 | C717: {=MONTH(A717)} -> 12 | D717: {='P'!D717} -> 180880 | E717: {='C'!E717} -> 295760 | F717: {=D717+E717} -> 476640 | G717: {=F717-F716} -> 1150 | H717: {=IF(G717>0,G717,0)} -> 1150 | I717: {=MAX($F$709:F717)} -> 476640 | K717: {=MAX(0,I717-I716)} -> 1150 | L717: {=MIN(F717:F746)} -> 475290 | M717: {=MAX(0,L717-L716)} -> 0 | N717: {=MIN(M717,H717-K717)} -> 0 | O717: {=K717+N717} -> 1150 | P717: {=H717-O717} -> 0 | Q717: {=MAX(0,IF(AND(K717=0,P717>0),0,Q716+K717+U716))} -> 3160 | R717: {=MAX(0,R716+P717+V716)} -> 0 | S717: {=IF(G717<0,G717,0)} -> 0 | T717: {=MIN(0,S717+R716+V716)} -> 0 | U717: {=MAX(S717,IF(Q717>0,MAX(-Q717,S717),T717))} -> 0 | V717: {=S717-U717} -> 0 | Y717: {=#REF!} | Z717: {=MAX(O717-Y717,0)}
A718: {=A717+1} -> 43808 | B718: {=YEAR(A718)} -> 2019 | C718: {=MONTH(A718)} -> 12 | D718: {='P'!D718} -> 181060 | E718: {='C'!E718} -> 295760 | F718: {=D718+E718} -> 476820 | G718: {=F718-F717} -> 180 | H718: {=IF(G718>0,G718,0)} -> 180 | I718: {=MAX($F$709:F718)} -> 476820 | K718: {=MAX(0,I718-I717)} -> 180 | L718: {=MIN(F718:F747)} -> 475240 | M718: {=MAX(0,L718-L717)} -> 0 | N718: {=MIN(M718,H718-K718)} -> 0 | O718: {=K718+N718} -> 180 | P718: {=H718-O718} -> 0 | Q718: {=MAX(0,IF(AND(K718=0,P718>0),0,Q717+K718+U717))} -> 3340 | R718: {=MAX(0,R717+P718+V717)} -> 0 | S718: {=IF(G718<0,G718,0)} -> 0 | T718: {=MIN(0,S718+R717+V717)} -> 0 | U718: {=MAX(S718,IF(Q718>0,MAX(-Q718,S718),T718))} -> 0 | V718: {=S718-U718} -> 0 | Y718: {=#REF!} | Z718: {=MAX(O718-Y718,0)}
A719: {=A718+1} -> 43809 | B719: {=YEAR(A719)} -> 2019 | C719: {=MONTH(A719)} -> 12 | D719: {='P'!D719} -> 180670 | E719: {='C'!E719} -> 296080 | F719: {=D719+E719} -> 476750 | G719: {=F719-F718} -> -70 | H719: {=IF(G719>0,G719,0)} -> 0 | I719: {=MAX($F$709:F719)} -> 476820 | K719: {=MAX(0,I719-I718)} -> 0 | L719: {=MIN(F719:F748)} -> 475240 | M719: {=MAX(0,L719-L718)} -> 0 | N719: {=MIN(M719,H719-K719)} -> 0 | O719: {=K719+N719} -> 0 | P719: {=H719-O719} -> 0 | Q719: {=MAX(0,IF(AND(K719=0,P719>0),0,Q718+K719+U718))} -> 3340 | R719: {=MAX(0,R718+P719+V718)} -> 0 | S719: {=IF(G719<0,G719,0)} -> -70 | T719: {=MIN(0,S719+R718+V718)} -> -70 | U719: {=MAX(S719,IF(Q719>0,MAX(-Q719,S719),T719))} -> -70 | V719: {=S719-U719} -> 0 | Y719: {=#REF!} | Z719: {=MAX(O719-Y719,0)}
A720: {=A719+1} -> 43810 | B720: {=YEAR(A720)} -> 2019 | C720: {=MONTH(A720)} -> 12 | D720: {='P'!D720} -> 180860 | E720: {='C'!E720} -> 296150 | F720: {=D720+E720} -> 477010 | G720: {=F720-F719} -> 260 | H720: {=IF(G720>0,G720,0)} -> 260 | I720: {=MAX($F$709:F720)} -> 477010 | K720: {=MAX(0,I720-I719)} -> 190 | L720: {=MIN(F720:F749)} -> 475240 | M720: {=MAX(0,L720-L719)} -> 0 | N720: {=MIN(M720,H720-K720)} -> 0 | O720: {=K720+N720} -> 190 | P720: {=H720-O720} -> 70 | Q720: {=MAX(0,IF(AND(K720=0,P720>0),0,Q719+K720+U719))} -> 3460 | R720: {=MAX(0,R719+P720+V719)} -> 70 | S720: {=IF(G720<0,G720,0)} -> 0 | T720: {=MIN(0,S720+R719+V719)} -> 0 | U720: {=MAX(S720,IF(Q720>0,MAX(-Q720,S720),T720))} -> 0 | V720: {=S720-U720} -> 0 | Y720: {=#REF!} | Z720: {=MAX(O720-Y720,0)}
A721: {=A720+1} -> 43811 | B721: {=YEAR(A721)} -> 2019 | C721: {=MONTH(A721)} -> 12 | D721: {='P'!D721} -> 180900 | E721: {='C'!E721} -> 296080 | F721: {=D721+E721} -> 476980 | G721: {=F721-F720} -> -30 | H721: {=IF(G721>0,G721,0)} -> 0 | I721: {=MAX($F$709:F721)} -> 477010 | K721: {=MAX(0,I721-I720)} -> 0 | L721: {=MIN(F721:F750)} -> 475240 | M721: {=MAX(0,L721-L720)} -> 0 | N721: {=MIN(M721,H721-K721)} -> 0 | O721: {=K721+N721} -> 0 | P721: {=H721-O721} -> 0 | Q721: {=MAX(0,IF(AND(K721=0,P721>0),0,Q720+K721+U720))} -> 3460 | R721: {=MAX(0,R720+P721+V720)} -> 70 | S721: {=IF(G721<0,G721,0)} -> -30 | T721: {=MIN(0,S721+R720+V720)} -> 0 | U721: {=MAX(S721,IF(Q721>0,MAX(-Q721,S721),T721))} -> -30 | V721: {=S721-U721} -> 0 | Y721: {=#REF!} | Z721: {=MAX(O721-Y721,0)}
... A740: {=A739+1} -> 43830 | B740: {=YEAR(A740)} -> 2019 | C740: {=MONTH(A740)} -> 12 | D740: {='P'!D740} -> 177820 | E740: {='C'!E740} -> 297930 | F740: {=D740+E740} -> 475750 | G740: {=F740-F739} -> -420 | H740: {=IF(G740>0,G740,0)} -> 0 | I740: {=MAX($F$709:F740)} -> 478570 | K740: {=MAX(0,I740-I739)} -> 0 | L740: {=MIN(F740:F769)} -> 475240 | M740: {=MAX(0,L740-L739)} -> 0 | N740: {=MIN(M740,H740-K740)} -> 0 | O740: {=K740+N740} -> 0 | P740: {=H740-O740} -> 0 | Q740: {=MAX(0,IF(AND(K740=0,P740>0),0,Q739+K740+U739))} -> 0 | R740: {=MAX(0,R739+P740+V739)} -> 0 | S740: {=IF(G740<0,G740,0)} -> -420 | T740: {=MIN(0,S740+R739+V739)} -> -420 | U740: {=MAX(S740,IF(Q740>0,MAX(-Q740,S740),T740))} -> -420 | V740: {=S740-U740} -> 0 | Y740: {=#REF!} | Z740: {=MAX(O740-Y740,0)}
A741: {=A740+1} -> 43831 | B741: {=YEAR(A741)} -> 2020 | C741: {=MONTH(A741)} -> 1 | D741: {='P'!D741} -> 177760 | E741: {='C'!E741} -> 297930 | F741: {=D741+E741} -> 475690 | G741: {=F741-F740} -> -60 | H741: {=IF(G741>0,G741,0)} -> 0 | I741: {=MAX($F$709:F741)} -> 478570 | K741: {=MAX(0,I741-I740)} -> 0 | L741: {=MIN(F741:F770)} -> 475240 | M741: {=MAX(0,L741-L740)} -> 0 | N741: {=MIN(M741,H741-K741)} -> 0 | O741: {=K741+N741} -> 0 | P741: {=H741-O741} -> 0 | Q741: {=MAX(0,IF(AND(K741=0,P741>0),0,Q740+K741+U740))} -> 0 | R741: {=MAX(0,R740+P741+V740)} -> 0 | S741: {=IF(G741<0,G741,0)} -> -60 | T741: {=MIN(0,S741+R740+V740)} -> -60 | U741: {=MAX(S741,IF(Q741>0,MAX(-Q741,S741),T741))} -> -60 | V741: {=S741-U741} -> 0 | X741: Start of 2020 | Y741: {=#REF!} | Z741: {=MAX(O741-Y741,0)}
A742: {=A741+1} -> 43832 | B742: {=YEAR(A742)} -> 2020 | C742: {=MONTH(A742)} -> 1 | D742: {='P'!D742} -> 177660 | E742: {='C'!E742} -> 297930 | F742: {=D742+E742} -> 475590 | G742: {=F742-F741} -> -100 | H742: {=IF(G742>0,G742,0)} -> 0 | I742: {=MAX($F$709:F742)} -> 478570 | K742: {=MAX(0,I742-I741)} -> 0 | L742: {=MIN(F742:F771)} -> 475240 | M742: {=MAX(0,L742-L741)} -> 0 | N742: {=MIN(M742,H742-K742)} -> 0 | O742: {=K742+N742} -> 0 | P742: {=H742-O742} -> 0 | Q742: {=MAX(0,IF(AND(K742=0,P742>0),0,Q741+K742+U741))} -> 0 | R742: {=MAX(0,R741+P742+V741)} -> 0 | S742: {=IF(G742<0,G742,0)} -> -100 | T742: {=MIN(0,S742+R741+V741)} -> -100 | U742: {=MAX(S742,IF(Q742>0,MAX(-Q742,S742),T742))} -> -100 | V742: {=S742-U742} -> 0 | Y742: {=#REF!} | Z742: {=MAX(O742-Y742,0)}
A743: {=A742+1} -> 43833 | B743: {=YEAR(A743)} -> 2020 | C743: {=MONTH(A743)} -> 1 | D743: {='P'!D743} -> 177800 | E743: {='C'!E743} -> 297740 | F743: {=D743+E743} -> 475540 | G743: {=F743-F742} -> -50 | H743: {=IF(G743>0,G743,0)} -> 0 | I743: {=MAX($F$709:F743)} -> 478570 | K743: {=MAX(0,I743-I742)} -> 0 | L743: {=MIN(F743:F772)} -> 475240 | M743: {=MAX(0,L743-L742)} -> 0 | N743: {=MIN(M743,H743-K743)} -> 0 | O743: {=K743+N743} -> 0 | P743: {=H743-O743} -> 0 | Q743: {=MAX(0,IF(AND(K743=0,P743>0),0,Q742+K743+U742))} -> 0 | R743: {=MAX(0,R742+P743+V742)} -> 0 | S743: {=IF(G743<0,G743,0)} -> -50 | T743: {=MIN(0,S743+R742+V742)} -> -50 | U743: {=MAX(S743,IF(Q743>0,MAX(-Q743,S743),T743))} -> -50 | V743: {=S743-U743} -> 0 | Y743: {=#REF!} | Z743: {=MAX(O743-Y743,0)}
A744: {=A743+1} -> 43834 | B744: {=YEAR(A744)} -> 2020 | C744: {=MONTH(A744)} -> 1 | D744: {='P'!D744} -> 177900 | E744: {='C'!E744} -> 297610 | F744: {=D744+E744} -> 475510 | G744: {=F744-F743} -> -30 | H744: {=IF(G744>0,G744,0)} -> 0 | I744: {=MAX($F$709:F744)} -> 478570 | K744: {=MAX(0,I744-I743)} -> 0 | L744: {=MIN(F744:F773)} -> 475240 | M744: {=MAX(0,L744-L743)} -> 0 | N744: {=MIN(M744,H744-K744)} -> 0 | O744: {=K744+N744} -> 0 | P744: {=H744-O744} -> 0 | Q744: {=MAX(0,IF(AND(K744=0,P744>0),0,Q743+K744+U743))} -> 0 | R744: {=MAX(0,R743+P744+V743)} -> 0 | S744: {=IF(G744<0,G744,0)} -> -30 | T744: {=MIN(0,S744+R743+V743)} -> -30 | U744: {=MAX(S744,IF(Q744>0,MAX(-Q744,S744),T744))} -> -30 | V744: {=S744-U744} -> 0 | Y744: {=#REF!} | Z744: {=MAX(O744-Y744,0)}
A745: {=A744+1} -> 43835 | B745: {=YEAR(A745)} -> 2020 | C745: {=MONTH(A745)} -> 1 | D745: {='P'!D745} -> 178000 | E745: {='C'!E745} -> 297420 | F745: {=D745+E745} -> 475420 | G745: {=F745-F744} -> -90 | H745: {=IF(G745>0,G745,0)} -> 0 | I745: {=MAX($F$709:F745)} -> 478570 | K745: {=MAX(0,I745-I744)} -> 0 | L745: {=MIN(F745:F774)} -> 475240 | M745: {=MAX(0,L745-L744)} -> 0 | N745: {=MIN(M745,H745-K745)} -> 0 | O745: {=K745+N745} -> 0 | P745: {=H745-O745} -> 0 | Q745: {=MAX(0,IF(AND(K745=0,P745>0),0,Q744+K745+U744))} -> 0 | R745: {=MAX(0,R744+P745+V744)} -> 0 | S745: {=IF(G745<0,G745,0)} -> -90 | T745: {=MIN(0,S745+R744+V744)} -> -90 | U745: {=MAX(S745,IF(Q745>0,MAX(-Q745,S745),T745))} -> -90 | V745: {=S745-U745} -> 0 | Y745: {=#REF!} | Z745: {=MAX(O745-Y745,0)}
A746: {=A745+1} -> 43836 | B746: {=YEAR(A746)} -> 2020 | C746: {=MONTH(A746)} -> 1 | D746: {='P'!D746} -> 178250 | E746: {='C'!E746} -> 297040 | F746: {=D746+E746} -> 475290 | G746: {=F746-F745} -> -130 | H746: {=IF(G746>0,G746,0)} -> 0 | I746: {=MAX($F$709:F746)} -> 478570 | K746: {=MAX(0,I746-I745)} -> 0 | L746: {=MIN(F746:F775)} -> 475240 | M746: {=MAX(0,L746-L745)} -> 0 | N746: {=MIN(M746,H746-K746)} -> 0 | O746: {=K746+N746} -> 0 | P746: {=H746-O746} -> 0 | Q746: {=MAX(0,IF(AND(K746=0,P746>0),0,Q745+K746+U745))} -> 0 | R746: {=MAX(0,R745+P746+V745)} -> 0 | S746: {=IF(G746<0,G746,0)} -> -130 | T746: {=MIN(0,S746+R745+V745)} -> -130 | U746: {=MAX(S746,IF(Q746>0,MAX(-Q746,S746),T746))} -> -130 | V746: {=S746-U746} -> 0 | Y746: {=#REF!} | Z746: {=MAX(O746-Y746,0)}
A747: {=A746+1} -> 43837 | B747: {=YEAR(A747)} -> 2020 | C747: {=MONTH(A747)} -> 1 | D747: {='P'!D747} -> 178520 | E747: {='C'!E747} -> 296720 | F747: {=D747+E747} -> 475240 | G747: {=F747-F746} -> -50 | H747: {=IF(G747>0,G747,0)} -> 0 | I747: {=MAX($F$709:F747)} -> 478570 | K747: {=MAX(0,I747-I746)} -> 0 | L747: {=MIN(F747:F776)} -> 475240 | M747: {=MAX(0,L747-L746)} -> 0 | N747: {=MIN(M747,H747-K747)} -> 0 | O747: {=K747+N747} -> 0 | P747: {=H747-O747} -> 0 | Q747: {=MAX(0,IF(AND(K747=0,P747>0),0,Q746+K747+U746))} -> 0 | R747: {=MAX(0,R746+P747+V746)} -> 0 | S747: {=IF(G747<0,G747,0)} -> -50 | T747: {=MIN(0,S747+R746+V746)} -> -50 | U747: {=MAX(S747,IF(Q747>0,MAX(-Q747,S747),T747))} -> -50 | V747: {=S747-U747} -> 0 | Y747: {=#REF!} | Z747: {=MAX(O747-Y747,0)}
A748: {=A747+1} -> 43838 | B748: {=YEAR(A748)} -> 2020 | C748: {=MONTH(A748)} -> 1 | D748: {='P'!D748} -> 178940 | E748: {='C'!E748} -> 296530 | F748: {=D748+E748} -> 475470 | G748: {=F748-F747} -> 230 | H748: {=IF(G748>0,G748,0)} -> 230 | I748: {=MAX($F$709:F748)} -> 478570 | K748: {=MAX(0,I748-I747)} -> 0 | L748: {=MIN(F748:F777)} -> 475470 | M748: {=MAX(0,L748-L747)} -> 230 | N748: {=MIN(M748,H748-K748)} -> 230 | O748: {=K748+N748} -> 230 | P748: {=H748-O748} -> 0 | Q748: {=MAX(0,IF(AND(K748=0,P748>0),0,Q747+K748+U747))} -> 0 | R748: {=MAX(0,R747+P748+V747)} -> 0 | S748: {=IF(G748<0,G748,0)} -> 0 | T748: {=MIN(0,S748+R747+V747)} -> 0 | U748: {=MAX(S748,IF(Q748>0,MAX(-Q748,S748),T748))} -> 0 | V748: {=S748-U748} -> 0 | Y748: {=#REF!} | Z748: {=MAX(O748-Y748,0)}
A749: {=A748+1} -> 43839 | B749: {=YEAR(A749)} -> 2020 | C749: {=MONTH(A749)} -> 1 | D749: {='P'!D749} -> 179420 | E749: {='C'!E749} -> 296400 | F749: {=D749+E749} -> 475820 | G749: {=F749-F748} -> 350 | H749: {=IF(G749>0,G749,0)} -> 350 | I749: {=MAX($F$709:F749)} -> 478570 | K749: {=MAX(0,I749-I748)} -> 0 | L749: {=MIN(F749:F778)} -> 475820 | M749: {=MAX(0,L749-L748)} -> 350 | N749: {=MIN(M749,H749-K749)} -> 350 | O749: {=K749+N749} -> 350 | P749: {=H749-O749} -> 0 | Q749: {=MAX(0,IF(AND(K749=0,P749>0),0,Q748+K749+U748))} -> 0 | R749: {=MAX(0,R748+P749+V748)} -> 0 | S749: {=IF(G749<0,G749,0)} -> 0 | T749: {=MIN(0,S749+R748+V748)} -> 0 | U749: {=MAX(S749,IF(Q749>0,MAX(-Q749,S749),T749))} -> 0 | V749: {=S749-U749} -> 0 | Y749: {=#REF!} | Z749: {=MAX(O749-Y749,0)}
A750: {=A749+1} -> 43840 | B750: {=YEAR(A750)} -> 2020 | C750: {=MONTH(A750)} -> 1 | D750: {='P'!D750} -> 179970 | E750: {='C'!E750} -> 296210 | F750: {=D750+E750} -> 476180 | G750: {=F750-F749} -> 360 | H750: {=IF(G750>0,G750,0)} -> 360 | I750: {=MAX($F$709:F750)} -> 478570 | K750: {=MAX(0,I750-I749)} -> 0 | L750: {=MIN(F750:F779)} -> 476180 | M750: {=MAX(0,L750-L749)} -> 360 | N750: {=MIN(M750,H750-K750)} -> 360 | O750: {=K750+N750} -> 360 | P750: {=H750-O750} -> 0 | Q750: {=MAX(0,IF(AND(K750=0,P750>0),0,Q749+K750+U749))} -> 0 | R750: {=MAX(0,R749+P750+V749)} -> 0 | S750: {=IF(G750<0,G750,0)} -> 0 | T750: {=MIN(0,S750+R749+V749)} -> 0 | U750: {=MAX(S750,IF(Q750>0,MAX(-Q750,S750),T750))} -> 0 | V750: {=S750-U750} -> 0 | Y750: {=#REF!} | Z750: {=MAX(O750-Y750,0)}
A751: {=A750+1} -> 43841 | B751: {=YEAR(A751)} -> 2020 | C751: {=MONTH(A751)} -> 1 | D751: {='P'!D751} -> 180400 | E751: {='C'!E751} -> 295830 | F751: {=D751+E751} -> 476230 | G751: {=F751-F750} -> 50 | H751: {=IF(G751>0,G751,0)} -> 50 | I751: {=MAX($F$709:F751)} -> 478570 | K751: {=MAX(0,I751-I750)} -> 0 | L751: {=MIN(F751:F780)} -> 476230 | M751: {=MAX(0,L751-L750)} -> 50 | N751: {=MIN(M751,H751-K751)} -> 50 | O751: {=K751+N751} -> 50 | P751: {=H751-O751} -> 0 | Q751: {=MAX(0,IF(AND(K751=0,P751>0),0,Q750+K751+U750))} -> 0 | R751: {=MAX(0,R750+P751+V750)} -> 0 | S751: {=IF(G751<0,G751,0)} -> 0 | T751: {=MIN(0,S751+R750+V750)} -> 0 | U751: {=MAX(S751,IF(Q751>0,MAX(-Q751,S751),T751))} -> 0 | V751: {=S751-U751} -> 0 | Y751: {=#REF!} | Z751: {=MAX(O751-Y751,0)}
A752: {=A751+1} -> 43842 | B752: {=YEAR(A752)} -> 2020 | C752: {=MONTH(A752)} -> 1 | D752: {='P'!D752} -> 180780 | E752: {='C'!E752} -> 295640 | F752: {=D752+E752} -> 476420 | G752: {=F752-F751} -> 190 | H752: {=IF(G752>0,G752,0)} -> 190 | I752: {=MAX($F$709:F752)} -> 478570 | K752: {=MAX(0,I752-I751)} -> 0 | L752: {=MIN(F752:F781)} -> 476420 | M752: {=MAX(0,L752-L751)} -> 190 | N752: {=MIN(M752,H752-K752)} -> 190 | O752: {=K752+N752} -> 190 | P752: {=H752-O752} -> 0 | Q752: {=MAX(0,IF(AND(K752=0,P752>0),0,Q751+K752+U751))} -> 0 | R752: {=MAX(0,R751+P752+V751)} -> 0 | S752: {=IF(G752<0,G752,0)} -> 0 | T752: {=MIN(0,S752+R751+V751)} -> 0 | U752: {=MAX(S752,IF(Q752>0,MAX(-Q752,S752),T752))} -> 0 | V752: {=S752-U752} -> 0 | Y752: {=#REF!} | Z752: {=MAX(O752-Y752,0)}
A753: {=A752+1} -> 43843 | B753: {=YEAR(A753)} -> 2020 | C753: {=MONTH(A753)} -> 1 | D753: {='P'!D753} -> 181190 | E753: {='C'!E753} -> 295450 | F753: {=D753+E753} -> 476640 | G753: {=F753-F752} -> 220 | H753: {=IF(G753>0,G753,0)} -> 220 | I753: {=MAX($F$709:F753)} -> 478570 | K753: {=MAX(0,I753-I752)} -> 0 | L753: {=MIN(F753:F782)} -> 476640 | M753: {=MAX(0,L753-L752)} -> 220 | N753: {=MIN(M753,H753-K753)} -> 220 | O753: {=K753+N753} -> 220 | P753: {=H753-O753} -> 0 | Q753: {=MAX(0,IF(AND(K753=0,P753>0),0,Q752+K753+U752))} -> 0 | R753: {=MAX(0,R752+P753+V752)} -> 0 | S753: {=IF(G753<0,G753,0)} -> 0 | T753: {=MIN(0,S753+R752+V752)} -> 0 | U753: {=MAX(S753,IF(Q753>0,MAX(-Q753,S753),T753))} -> 0 | V753: {=S753-U753} -> 0 | Y753: {=#REF!} | Z753: {=MAX(O753-Y753,0)}
... A1014: {=A1013+1} -> 44104 | B1014: {=YEAR(A1014)} -> 2020 | C1014: {=MONTH(A1014)} -> 9 | D1014: {='P'!D1014} -> 196600 | E1014: {='C'!E1014} -> 265420 | F1014: {=D1014+E1014} -> 462020 | G1014: {=F1014-F1013} -> 0 | H1014: {=IF(G1014>0,G1014,0)} -> 0 | I1014: {=MAX($F$709:F1014)} -> 489720 | K1014: {=MAX(0,I1014-I1013)} -> 0 | L1014: {=MIN(F1014:F1043)} -> 450970 | M1014: {=MAX(0,L1014-L1013)} -> 0 | N1014: {=MIN(M1014,H1014-K1014)} -> 0 | O1014: {=K1014+N1014} -> 0 | P1014: {=H1014-O1014} -> 0 | Q1014: {=MAX(0,IF(AND(K1014=0,P1014>0),0,Q1013+K1014+U1013))} -> 0 | R1014: {=MAX(0,R1013+P1014+V1013)} -> 0 | S1014: {=IF(G1014<0,G1014,0)} -> 0 | T1014: {=MIN(0,S1014+R1013+V1013)} -> 0 | U1014: {=MAX(S1014,IF(Q1014>0,MAX(-Q1014,S1014),T1014))} -> 0 | V1014: {=S1014-U1014} -> 0 | Y1014: {=#REF!} | Z1014: {=MAX(O1014-Y1014,0)}
A1015: {=A1014+1} -> 44105 | B1015: {=YEAR(A1015)} -> 2020 | C1015: {=MONTH(A1015)} -> 10 | D1015: {='P'!D1015} -> 196490 | E1015: {='C'!E1015} -> 265420 | F1015: {=D1015+E1015} -> 461910 | G1015: {=F1015-F1014} -> -110 | H1015: {=IF(G1015>0,G1015,0)} -> 0 | I1015: {=MAX($F$709:F1015)} -> 489720 | J1015: No need to reset for 2021 | K1015: {=MAX(0,I1015-I1014)} -> 0 | L1015: {=MIN(F1015:F1044)} -> 450700 | M1015: {=MAX(0,L1015-L1014)} -> 0 | N1015: {=MIN(M1015,H1015-K1015)} -> 0 | O1015: {=K1015+N1015} -> 0 | P1015: {=H1015-O1015} -> 0 | Q1015: {=MAX(0,IF(AND(K1015=0,P1015>0),0,Q1014+K1015+U1014))} -> 0 | R1015: {=MAX(0,R1014+P1015+V1014)} -> 0 | S1015: {=IF(G1015<0,G1015,0)} -> -110 | T1015: {=MIN(0,S1015+R1014+V1014)} -> -110 | U1015: {=MAX(S1015,IF(Q1015>0,MAX(-Q1015,S1015),T1015))} -> -110 | V1015: {=S1015-U1015} -> 0 | Y1015: {=#REF!} | Z1015: {=MAX(O1015-Y1015,0)}
A1016: {=A1015+1} -> 44106 | B1016: {=YEAR(A1016)} -> 2020 | C1016: {=MONTH(A1016)} -> 10 | D1016: {='P'!D1016} -> 196410 | E1016: {='C'!E1016} -> 265300 | F1016: {=D1016+E1016} -> 461710 | G1016: {=F1016-F1015} -> -200 | H1016: {=IF(G1016>0,G1016,0)} -> 0 | I1016: {=MAX($F$709:F1016)} -> 489720 | K1016: {=MAX(0,I1016-I1015)} -> 0 | L1016: {=MIN(F1016:F1045)} -> 450700 | M1016: {=MAX(0,L1016-L1015)} -> 0 | N1016: {=MIN(M1016,H1016-K1016)} -> 0 | O1016: {=K1016+N1016} -> 0 | P1016: {=H1016-O1016} -> 0 | Q1016: {=MAX(0,IF(AND(K1016=0,P1016>0),0,Q1015+K1016+U1015))} -> 0 | R1016: {=MAX(0,R1015+P1016+V1015)} -> 0 | S1016: {=IF(G1016<0,G1016,0)} -> -200 | T1016: {=MIN(0,S1016+R1015+V1015)} -> -200 | U1016: {=MAX(S1016,IF(Q1016>0,MAX(-Q1016,S1016),T1016))} -> -200 | V1016: {=S1016-U1016} -> 0 | Y1016: {=#REF!} | Z1016: {=MAX(O1016-Y1016,0)}
A1017: {=A1016+1} -> 44107 | B1017: {=YEAR(A1017)} -> 2020 | C1017: {=MONTH(A1017)} -> 10 | D1017: {='P'!D1017} -> 196470 | E1017: {='C'!E1017} -> 265180 | F1017: {=D1017+E1017} -> 461650 | G1017: {=F1017-F1016} -> -60 | H1017: {=IF(G1017>0,G1017,0)} -> 0 | I1017: {=MAX($F$709:F1017)} -> 489720 | K1017: {=MAX(0,I1017-I1016)} -> 0 | L1017: {=MIN(F1017:F1046)} -> 450420 | M1017: {=MAX(0,L1017-L1016)} -> 0 | N1017: {=MIN(M1017,H1017-K1017)} -> 0 | O1017: {=K1017+N1017} -> 0 | P1017: {=H1017-O1017} -> 0 | Q1017: {=MAX(0,IF(AND(K1017=0,P1017>0),0,Q1016+K1017+U1016))} -> 0 | R1017: {=MAX(0,R1016+P1017+V1016)} -> 0 | S1017: {=IF(G1017<0,G1017,0)} -> -60 | T1017: {=MIN(0,S1017+R1016+V1016)} -> -60 | U1017: {=MAX(S1017,IF(Q1017>0,MAX(-Q1017,S1017),T1017))} -> -60 | V1017: {=S1017-U1017} -> 0 | Y1017: {=#REF!} | Z1017: {=MAX(O1017-Y1017,0)}
A1018: {=A1017+1} -> 44108 | B1018: {=YEAR(A1018)} -> 2020 | C1018: {=MONTH(A1018)} -> 10 | D1018: {='P'!D1018} -> 196040 | E1018: {='C'!E1018} -> 265300 | F1018: {=D1018+E1018} -> 461340 | G1018: {=F1018-F1017} -> -310 | H1018: {=IF(G1018>0,G1018,0)} -> 0 | I1018: {=MAX($F$709:F1018)} -> 489720 | K1018: {=MAX(0,I1018-I1017)} -> 0 | L1018: {=MIN(F1018:F1047)} -> 450020 | M1018: {=MAX(0,L1018-L1017)} -> 0 | N1018: {=MIN(M1018,H1018-K1018)} -> 0 | O1018: {=K1018+N1018} -> 0 | P1018: {=H1018-O1018} -> 0 | Q1018: {=MAX(0,IF(AND(K1018=0,P1018>0),0,Q1017+K1018+U1017))} -> 0 | R1018: {=MAX(0,R1017+P1018+V1017)} -> 0 | S1018: {=IF(G1018<0,G1018,0)} -> -310 | T1018: {=MIN(0,S1018+R1017+V1017)} -> -310 | U1018: {=MAX(S1018,IF(Q1018>0,MAX(-Q1018,S1018),T1018))} -> -310 | V1018: {=S1018-U1018} -> 0 | Y1018: {=#REF!} | Z1018: {=MAX(O1018-Y1018,0)}
A1019: {=A1018+1} -> 44109 | B1019: {=YEAR(A1019)} -> 2020 | C1019: {=MONTH(A1019)} -> 10 | D1019: {='P'!D1019} -> 195730 | E1019: {='C'!E1019} -> 265420 | F1019: {=D1019+E1019} -> 461150 | G1019: {=F1019-F1018} -> -190 | H1019: {=IF(G1019>0,G1019,0)} -> 0 | I1019: {=MAX($F$709:F1019)} -> 489720 | K1019: {=MAX(0,I1019-I1018)} -> 0 | L1019: {=MIN(F1019:F1048)} -> 449770 | M1019: {=MAX(0,L1019-L1018)} -> 0 | N1019: {=MIN(M1019,H1019-K1019)} -> 0 | O1019: {=K1019+N1019} -> 0 | P1019: {=H1019-O1019} -> 0 | Q1019: {=MAX(0,IF(AND(K1019=0,P1019>0),0,Q1018+K1019+U1018))} -> 0 | R1019: {=MAX(0,R1018+P1019+V1018)} -> 0 | S1019: {=IF(G1019<0,G1019,0)} -> -190 | T1019: {=MIN(0,S1019+R1018+V1018)} -> -190 | U1019: {=MAX(S1019,IF(Q1019>0,MAX(-Q1019,S1019),T1019))} -> -190 | V1019: {=S1019-U1019} -> 0 | Y1019: {=#REF!} | Z1019: {=MAX(O1019-Y1019,0)}
A1020: {=A1019+1} -> 44110 | B1020: {=YEAR(A1020)} -> 2020 | C1020: {=MONTH(A1020)} -> 10 | D1020: {='P'!D1020} -> 195430 | E1020: {='C'!E1020} -> 265300 | F1020: {=D1020+E1020} -> 460730 | G1020: {=F1020-F1019} -> -420 | H1020: {=IF(G1020>0,G1020,0)} -> 0 | I1020: {=MAX($F$709:F1020)} -> 489720 | K1020: {=MAX(0,I1020-I1019)} -> 0 | L1020: {=MIN(F1020:F1049)} -> 449510 | M1020: {=MAX(0,L1020-L1019)} -> 0 | N1020: {=MIN(M1020,H1020-K1020)} -> 0 | O1020: {=K1020+N1020} -> 0 | P1020: {=H1020-O1020} -> 0 | Q1020: {=MAX(0,IF(AND(K1020=0,P1020>0),0,Q1019+K1020+U1019))} -> 0 | R1020: {=MAX(0,R1019+P1020+V1019)} -> 0 | S1020: {=IF(G1020<0,G1020,0)} -> -420 | T1020: {=MIN(0,S1020+R1019+V1019)} -> -420 | U1020: {=MAX(S1020,IF(Q1020>0,MAX(-Q1020,S1020),T1020))} -> -420 | V1020: {=S1020-U1020} -> 0 | Y1020: {=#REF!} | Z1020: {=MAX(O1020-Y1020,0)}
A1021: {=A1020+1} -> 44111 | B1021: {=YEAR(A1021)} -> 2020 | C1021: {=MONTH(A1021)} -> 10 | D1021: {='P'!D1021} -> 195150 | E1021: {='C'!E1021} -> 265000 | F1021: {=D1021+E1021} -> 460150 | G1021: {=F1021-F1020} -> -580 | H1021: {=IF(G1021>0,G1021,0)} -> 0 | I1021: {=MAX($F$709:F1021)} -> 489720 | K1021: {=MAX(0,I1021-I1020)} -> 0 | L1021: {=MIN(F1021:F1050)} -> 449270 | M1021: {=MAX(0,L1021-L1020)} -> 0 | N1021: {=MIN(M1021,H1021-K1021)} -> 0 | O1021: {=K1021+N1021} -> 0 | P1021: {=H1021-O1021} -> 0 | Q1021: {=MAX(0,IF(AND(K1021=0,P1021>0),0,Q1020+K1021+U1020))} -> 0 | R1021: {=MAX(0,R1020+P1021+V1020)} -> 0 | S1021: {=IF(G1021<0,G1021,0)} -> -580 | T1021: {=MIN(0,S1021+R1020+V1020)} -> -580 | U1021: {=MAX(S1021,IF(Q1021>0,MAX(-Q1021,S1021),T1021))} -> -580 | V1021: {=S1021-U1021} -> 0 | Y1021: {=#REF!} | Z1021: {=MAX(O1021-Y1021,0)}
A1022: {=A1021+1} -> 44112 | B1022: {=YEAR(A1022)} -> 2020 | C1022: {=MONTH(A1022)} -> 10 | D1022: {='P'!D1022} -> 194760 | E1022: {='C'!E1022} -> 265060 | F1022: {=D1022+E1022} -> 459820 | G1022: {=F1022-F1021} -> -330 | H1022: {=IF(G1022>0,G1022,0)} -> 0 | I1022: {=MAX($F$709:F1022)} -> 489720 | K1022: {=MAX(0,I1022-I1021)} -> 0 | L1022: {=MIN(F1022:F1051)} -> 448930 | M1022: {=MAX(0,L1022-L1021)} -> 0 | N1022: {=MIN(M1022,H1022-K1022)} -> 0 | O1022: {=K1022+N1022} -> 0 | P1022: {=H1022-O1022} -> 0 | Q1022: {=MAX(0,IF(AND(K1022=0,P1022>0),0,Q1021+K1022+U1021))} -> 0 | R1022: {=MAX(0,R1021+P1022+V1021)} -> 0 | S1022: {=IF(G1022<0,G1022,0)} -> -330 | T1022: {=MIN(0,S1022+R1021+V1021)} -> -330 | U1022: {=MAX(S1022,IF(Q1022>0,MAX(-Q1022,S1022),T1022))} -> -330 | V1022: {=S1022-U1022} -> 0 | Y1022: {=#REF!} | Z1022: {=MAX(O1022-Y1022,0)}
A1023: {=A1022+1} -> 44113 | B1023: {=YEAR(A1023)} -> 2020 | C1023: {=MONTH(A1023)} -> 10 | D1023: {='P'!D1023} -> 194430 | E1023: {='C'!E1023} -> 265240 | F1023: {=D1023+E1023} -> 459670 | G1023: {=F1023-F1022} -> -150 | H1023: {=IF(G1023>0,G1023,0)} -> 0 | I1023: {=MAX($F$709:F1023)} -> 489720 | K1023: {=MAX(0,I1023-I1022)} -> 0 | L1023: {=MIN(F1023:F1052)} -> 448630 | M1023: {=MAX(0,L1023-L1022)} -> 0 | N1023: {=MIN(M1023,H1023-K1023)} -> 0 | O1023: {=K1023+N1023} -> 0 | P1023: {=H1023-O1023} -> 0 | Q1023: {=MAX(0,IF(AND(K1023=0,P1023>0),0,Q1022+K1023+U1022))} -> 0 | R1023: {=MAX(0,R1022+P1023+V1022)} -> 0 | S1023: {=IF(G1023<0,G1023,0)} -> -150 | T1023: {=MIN(0,S1023+R1022+V1022)} -> -150 | U1023: {=MAX(S1023,IF(Q1023>0,MAX(-Q1023,S1023),T1023))} -> -150 | V1023: {=S1023-U1023} -> 0 | Y1023: {=#REF!} | Z1023: {=MAX(O1023-Y1023,0)}
A1024: {=A1023+1} -> 44114 | B1024: {=YEAR(A1024)} -> 2020 | C1024: {=MONTH(A1024)} -> 10 | D1024: {='P'!D1024} -> 194070 | E1024: {='C'!E1024} -> 265360 | F1024: {=D1024+E1024} -> 459430 | G1024: {=F1024-F1023} -> -240 | H1024: {=IF(G1024>0,G1024,0)} -> 0 | I1024: {=MAX($F$709:F1024)} -> 489720 | K1024: {=MAX(0,I1024-I1023)} -> 0 | L1024: {=MIN(F1024:F1053)} -> 448210 | M1024: {=MAX(0,L1024-L1023)} -> 0 | N1024: {=MIN(M1024,H1024-K1024)} -> 0 | O1024: {=K1024+N1024} -> 0 | P1024: {=H1024-O1024} -> 0 | Q1024: {=MAX(0,IF(AND(K1024=0,P1024>0),0,Q1023+K1024+U1023))} -> 0 | R1024: {=MAX(0,R1023+P1024+V1023)} -> 0 | S1024: {=IF(G1024<0,G1024,0)} -> -240 | T1024: {=MIN(0,S1024+R1023+V1023)} -> -240 | U1024: {=MAX(S1024,IF(Q1024>0,MAX(-Q1024,S1024),T1024))} -> -240 | V1024: {=S1024-U1024} -> 0 | Y1024: {=#REF!} | Z1024: {=MAX(O1024-Y1024,0)}
A1025: {=A1024+1} -> 44115 | B1025: {=YEAR(A1025)} -> 2020 | C1025: {=MONTH(A1025)} -> 10 | D1025: {='P'!D1025} -> 193720 | E1025: {='C'!E1025} -> 265480 | F1025: {=D1025+E1025} -> 459200 | G1025: {=F1025-F1024} -> -230 | H1025: {=IF(G1025>0,G1025,0)} -> 0 | I1025: {=MAX($F$709:F1025)} -> 489720 | K1025: {=MAX(0,I1025-I1024)} -> 0 | L1025: {=MIN(F1025:F1054)} -> 447880 | M1025: {=MAX(0,L1025-L1024)} -> 0 | N1025: {=MIN(M1025,H1025-K1025)} -> 0 | O1025: {=K1025+N1025} -> 0 | P1025: {=H1025-O1025} -> 0 | Q1025: {=MAX(0,IF(AND(K1025=0,P1025>0),0,Q1024+K1025+U1024))} -> 0 | R1025: {=MAX(0,R1024+P1025+V1024)} -> 0 | S1025: {=IF(G1025<0,G1025,0)} -> -230 | T1025: {=MIN(0,S1025+R1024+V1024)} -> -230 | U1025: {=MAX(S1025,IF(Q1025>0,MAX(-Q1025,S1025),T1025))} -> -230 | V1025: {=S1025-U1025} -> 0 | Y1025: {=#REF!} | Z1025: {=MAX(O1025-Y1025,0)}
A1026: {=A1025+1} -> 44116 | B1026: {=YEAR(A1026)} -> 2020 | C1026: {=MONTH(A1026)} -> 10 | D1026: {='P'!D1026} -> 193400 | E1026: {='C'!E1026} -> 265300 | F1026: {=D1026+E1026} -> 458700 | G1026: {=F1026-F1025} -> -500 | H1026: {=IF(G1026>0,G1026,0)} -> 0 | I1026: {=MAX($F$709:F1026)} -> 489720 | K1026: {=MAX(0,I1026-I1025)} -> 0 | L1026: {=MIN(F1026:F1055)} -> 447880 | M1026: {=MAX(0,L1026-L1025)} -> 0 | N1026: {=MIN(M1026,H1026-K1026)} -> 0 | O1026: {=K1026+N1026} -> 0 | P1026: {=H1026-O1026} -> 0 | Q1026: {=MAX(0,IF(AND(K1026=0,P1026>0),0,Q1025+K1026+U1025))} -> 0 | R1026: {=MAX(0,R1025+P1026+V1025)} -> 0 | S1026: {=IF(G1026<0,G1026,0)} -> -500 | T1026: {=MIN(0,S1026+R1025+V1025)} -> -500 | U1026: {=MAX(S1026,IF(Q1026>0,MAX(-Q1026,S1026),T1026))} -> -500 | V1026: {=S1026-U1026} -> 0 | Y1026: {=#REF!} | Z1026: {=MAX(O1026-Y1026,0)}
A1027: {=A1026+1} -> 44117 | B1027: {=YEAR(A1027)} -> 2020 | C1027: {=MONTH(A1027)} -> 10 | D1027: {='P'!D1027} -> 193050 | E1027: {='C'!E1027} -> 264880 | F1027: {=D1027+E1027} -> 457930 | G1027: {=F1027-F1026} -> -770 | H1027: {=IF(G1027>0,G1027,0)} -> 0 | I1027: {=MAX($F$709:F1027)} -> 489720 | K1027: {=MAX(0,I1027-I1026)} -> 0 | L1027: {=MIN(F1027:F1056)} -> 447800 | M1027: {=MAX(0,L1027-L1026)} -> 0 | N1027: {=MIN(M1027,H1027-K1027)} -> 0 | O1027: {=K1027+N1027} -> 0 | P1027: {=H1027-O1027} -> 0 | Q1027: {=MAX(0,IF(AND(K1027=0,P1027>0),0,Q1026+K1027+U1026))} -> 0 | R1027: {=MAX(0,R1026+P1027+V1026)} -> 0 | S1027: {=IF(G1027<0,G1027,0)} -> -770 | T1027: {=MIN(0,S1027+R1026+V1026)} -> -770 | U1027: {=MAX(S1027,IF(Q1027>0,MAX(-Q1027,S1027),T1027))} -> -770 | V1027: {=S1027-U1027} -> 0 | Y1027: {=#REF!} | Z1027: {=MAX(O1027-Y1027,0)}
... A1138: {=A1137+1} -> 44228 | B1138: {=YEAR(A1138)} -> 2021 | C1138: {=MONTH(A1138)} -> 2 | D1138: {='P'!D1138} -> 187460 | E1138: {='C'!E1138} -> 253520 | F1138: {=D1138+E1138} -> 440980 | G1138: {=F1138-F1137} -> -390 | H1138: {=IF(G1138>0,G1138,0)} -> 0 | I1138: {=MAX($F$709:F1138)} -> 489720 | K1138: {=MAX(0,I1138-I1137)} -> 0 | L1138: {=MIN(F1138:F1167)} -> 437430 | M1138: {=MAX(0,L1138-L1137)} -> 0 | N1138: {=MIN(M1138,H1138-K1138)} -> 0 | O1138: {=K1138+N1138} -> 0 | P1138: {=H1138-O1138} -> 0 | Q1138: {=MAX(0,IF(AND(K1138=0,P1138>0),0,Q1137+K1138+U1137))} -> 0 | R1138: {=MAX(0,R1137+P1138+V1137)} -> 2280 | S1138: {=IF(G1138<0,G1138,0)} -> -390 | T1138: {=MIN(0,S1138+R1137+V1137)} -> 0 | U1138: {=MAX(S1138,IF(Q1138>0,MAX(-Q1138,S1138),T1138))} -> 0 | V1138: {=S1138-U1138} -> -390 | Y1138: {=#REF!} | Z1138: {=MAX(O1138-Y1138,0)}
A1139: {=A1138+1} -> 44229 | B1139: {=YEAR(A1139)} -> 2021 | C1139: {=MONTH(A1139)} -> 2 | D1139: {='P'!D1139} -> 187610 | E1139: {='C'!E1139} -> 253990 | F1139: {=D1139+E1139} -> 441600 | G1139: {=F1139-F1138} -> 620 | H1139: {=IF(G1139>0,G1139,0)} -> 620 | I1139: {=MAX($F$709:F1139)} -> 489720 | K1139: {=MAX(0,I1139-I1138)} -> 0 | L1139: {=MIN(F1139:F1168)} -> 436940 | M1139: {=MAX(0,L1139-L1138)} -> 0 | N1139: {=MIN(M1139,H1139-K1139)} -> 0 | O1139: {=K1139+N1139} -> 0 | P1139: {=H1139-O1139} -> 620 | Q1139: {=MAX(0,IF(AND(K1139=0,P1139>0),0,Q1138+K1139+U1138))} -> 0 | R1139: {=MAX(0,R1138+P1139+V1138)} -> 2510 | S1139: {=IF(G1139<0,G1139,0)} -> 0 | T1139: {=MIN(0,S1139+R1138+V1138)} -> 0 | U1139: {=MAX(S1139,IF(Q1139>0,MAX(-Q1139,S1139),T1139))} -> 0 | V1139: {=S1139-U1139} -> 0
A1140: {=A1139+1} -> 44230 | B1140: {=YEAR(A1140)} -> 2021 | C1140: {=MONTH(A1140)} -> 2 | D1140: {='P'!D1140} -> 187740 | E1140: {='C'!E1140} -> 253820 | F1140: {=D1140+E1140} -> 441560 | G1140: {=F1140-F1139} -> -40 | H1140: {=IF(G1140>0,G1140,0)} -> 0 | I1140: {=MAX($F$709:F1140)} -> 489720 | K1140: {=MAX(0,I1140-I1139)} -> 0 | L1140: {=MIN(F1140:F1169)} -> 436520 | M1140: {=MAX(0,L1140-L1139)} -> 0 | N1140: {=MIN(M1140,H1140-K1140)} -> 0 | O1140: {=K1140+N1140} -> 0 | P1140: {=H1140-O1140} -> 0 | Q1140: {=MAX(0,IF(AND(K1140=0,P1140>0),0,Q1139+K1140+U1139))} -> 0 | R1140: {=MAX(0,R1139+P1140+V1139)} -> 2510 | S1140: {=IF(G1140<0,G1140,0)} -> -40 | T1140: {=MIN(0,S1140+R1139+V1139)} -> 0 | U1140: {=MAX(S1140,IF(Q1140>0,MAX(-Q1140,S1140),T1140))} -> 0 | V1140: {=S1140-U1140} -> -40
A1141: {=A1140+1} -> 44231 | B1141: {=YEAR(A1141)} -> 2021 | C1141: {=MONTH(A1141)} -> 2 | D1141: {='P'!D1141} -> 187860 | E1141: {='C'!E1141} -> 253520 | F1141: {=D1141+E1141} -> 441380 | G1141: {=F1141-F1140} -> -180 | H1141: {=IF(G1141>0,G1141,0)} -> 0 | I1141: {=MAX($F$709:F1141)} -> 489720 | K1141: {=MAX(0,I1141-I1140)} -> 0 | L1141: {=MIN(F1141:F1170)} -> 436190 | M1141: {=MAX(0,L1141-L1140)} -> 0 | N1141: {=MIN(M1141,H1141-K1141)} -> 0 | O1141: {=K1141+N1141} -> 0 | P1141: {=H1141-O1141} -> 0 | Q1141: {=MAX(0,IF(AND(K1141=0,P1141>0),0,Q1140+K1141+U1140))} -> 0 | R1141: {=MAX(0,R1140+P1141+V1140)} -> 2470 | S1141: {=IF(G1141<0,G1141,0)} -> -180 | T1141: {=MIN(0,S1141+R1140+V1140)} -> 0 | U1141: {=MAX(S1141,IF(Q1141>0,MAX(-Q1141,S1141),T1141))} -> 0 | V1141: {=S1141-U1141} -> -180
A1142: {=A1141+1} -> 44232 | B1142: {=YEAR(A1142)} -> 2021 | C1142: {=MONTH(A1142)} -> 2 | D1142: {='P'!D1142} -> 187700 | E1142: {='C'!E1142} -> 253350 | F1142: {=D1142+E1142} -> 441050 | G1142: {=F1142-F1141} -> -330 | H1142: {=IF(G1142>0,G1142,0)} -> 0 | I1142: {=MAX($F$709:F1142)} -> 489720 | K1142: {=MAX(0,I1142-I1141)} -> 0 | L1142: {=MIN(F1142:F1171)} -> 436160 | M1142: {=MAX(0,L1142-L1141)} -> 0 | N1142: {=MIN(M1142,H1142-K1142)} -> 0 | O1142: {=K1142+N1142} -> 0 | P1142: {=H1142-O1142} -> 0 | Q1142: {=MAX(0,IF(AND(K1142=0,P1142>0),0,Q1141+K1142+U1141))} -> 0 | R1142: {=MAX(0,R1141+P1142+V1141)} -> 2290 | S1142: {=IF(G1142<0,G1142,0)} -> -330 | T1142: {=MIN(0,S1142+R1141+V1141)} -> 0 | U1142: {=MAX(S1142,IF(Q1142>0,MAX(-Q1142,S1142),T1142))} -> 0 | V1142: {=S1142-U1142} -> -330
A1143: {=A1142+1} -> 44233 | B1143: {=YEAR(A1143)} -> 2021 | C1143: {=MONTH(A1143)} -> 2 | D1143: {='P'!D1143} -> 187380 | E1143: {='C'!E1143} -> 253230 | F1143: {=D1143+E1143} -> 440610 | G1143: {=F1143-F1142} -> -440 | H1143: {=IF(G1143>0,G1143,0)} -> 0 | I1143: {=MAX($F$709:F1143)} -> 489720 | K1143: {=MAX(0,I1143-I1142)} -> 0 | L1143: {=MIN(F1143:F1172)} -> 436160 | M1143: {=MAX(0,L1143-L1142)} -> 0 | N1143: {=MIN(M1143,H1143-K1143)} -> 0 | O1143: {=K1143+N1143} -> 0 | P1143: {=H1143-O1143} -> 0 | Q1143: {=MAX(0,IF(AND(K1143=0,P1143>0),0,Q1142+K1143+U1142))} -> 0 | R1143: {=MAX(0,R1142+P1143+V1142)} -> 1960 | S1143: {=IF(G1143<0,G1143,0)} -> -440 | T1143: {=MIN(0,S1143+R1142+V1142)} -> 0 | U1143: {=MAX(S1143,IF(Q1143>0,MAX(-Q1143,S1143),T1143))} -> 0 | V1143: {=S1143-U1143} -> -440
A1144: {=A1143+1} -> 44234 | B1144: {=YEAR(A1144)} -> 2021 | C1144: {=MONTH(A1144)} -> 2 | D1144: {='P'!D1144} -> 187060 | E1144: {='C'!E1144} -> 253170 | F1144: {=D1144+E1144} -> 440230 | G1144: {=F1144-F1143} -> -380 | H1144: {=IF(G1144>0,G1144,0)} -> 0 | I1144: {=MAX($F$709:F1144)} -> 489720 | K1144: {=MAX(0,I1144-I1143)} -> 0 | L1144: {=MIN(F1144:F1173)} -> 436160 | M1144: {=MAX(0,L1144-L1143)} -> 0 | N1144: {=MIN(M1144,H1144-K1144)} -> 0 | O1144: {=K1144+N1144} -> 0 | P1144: {=H1144-O1144} -> 0 | Q1144: {=MAX(0,IF(AND(K1144=0,P1144>0),0,Q1143+K1144+U1143))} -> 0 | R1144: {=MAX(0,R1143+P1144+V1143)} -> 1520 | S1144: {=IF(G1144<0,G1144,0)} -> -380 | T1144: {=MIN(0,S1144+R1143+V1143)} -> 0 | U1144: {=MAX(S1144,IF(Q1144>0,MAX(-Q1144,S1144),T1144))} -> 0 | V1144: {=S1144-U1144} -> -380
A1145: {=A1144+1} -> 44235 | B1145: {=YEAR(A1145)} -> 2021 | C1145: {=MONTH(A1145)} -> 2 | D1145: {='P'!D1145} -> 186790 | E1145: {='C'!E1145} -> 253000 | F1145: {=D1145+E1145} -> 439790 | G1145: {=F1145-F1144} -> -440 | H1145: {=IF(G1145>0,G1145,0)} -> 0 | I1145: {=MAX($F$709:F1145)} -> 489720 | K1145: {=MAX(0,I1145-I1144)} -> 0 | L1145: {=MIN(F1145:F1174)} -> 436160 | M1145: {=MAX(0,L1145-L1144)} -> 0 | N1145: {=MIN(M1145,H1145-K1145)} -> 0 | O1145: {=K1145+N1145} -> 0 | P1145: {=H1145-O1145} -> 0 | Q1145: {=MAX(0,IF(AND(K1145=0,P1145>0),0,Q1144+K1145+U1144))} -> 0 | R1145: {=MAX(0,R1144+P1145+V1144)} -> 1140 | S1145: {=IF(G1145<0,G1145,0)} -> -440 | T1145: {=MIN(0,S1145+R1144+V1144)} -> 0 | U1145: {=MAX(S1145,IF(Q1145>0,MAX(-Q1145,S1145),T1145))} -> 0 | V1145: {=S1145-U1145} -> -440
A1146: {=A1145+1} -> 44236 | B1146: {=YEAR(A1146)} -> 2021 | C1146: {=MONTH(A1146)} -> 2 | D1146: {='P'!D1146} -> 186720 | E1146: {='C'!E1146} -> 252880 | F1146: {=D1146+E1146} -> 439600 | G1146: {=F1146-F1145} -> -190 | H1146: {=IF(G1146>0,G1146,0)} -> 0 | I1146: {=MAX($F$709:F1146)} -> 489720 | K1146: {=MAX(0,I1146-I1145)} -> 0 | L1146: {=MIN(F1146:F1175)} -> 436160 | M1146: {=MAX(0,L1146-L1145)} -> 0 | N1146: {=MIN(M1146,H1146-K1146)} -> 0 | O1146: {=K1146+N1146} -> 0 | P1146: {=H1146-O1146} -> 0 | Q1146: {=MAX(0,IF(AND(K1146=0,P1146>0),0,Q1145+K1146+U1145))} -> 0 | R1146: {=MAX(0,R1145+P1146+V1145)} -> 700 | S1146: {=IF(G1146<0,G1146,0)} -> -190 | T1146: {=MIN(0,S1146+R1145+V1145)} -> 0 | U1146: {=MAX(S1146,IF(Q1146>0,MAX(-Q1146,S1146),T1146))} -> 0 | V1146: {=S1146-U1146} -> -190
A1147: {=A1146+1} -> 44237 | B1147: {=YEAR(A1147)} -> 2021 | C1147: {=MONTH(A1147)} -> 2 | D1147: {='P'!D1147} -> 186640 | E1147: {='C'!E1147} -> 252700 | F1147: {=D1147+E1147} -> 439340 | G1147: {=F1147-F1146} -> -260 | H1147: {=IF(G1147>0,G1147,0)} -> 0 | I1147: {=MAX($F$709:F1147)} -> 489720 | K1147: {=MAX(0,I1147-I1146)} -> 0 | L1147: {=MIN(F1147:F1176)} -> 436160 | M1147: {=MAX(0,L1147-L1146)} -> 0 | N1147: {=MIN(M1147,H1147-K1147)} -> 0 | O1147: {=K1147+N1147} -> 0 | P1147: {=H1147-O1147} -> 0 | Q1147: {=MAX(0,IF(AND(K1147=0,P1147>0),0,Q1146+K1147+U1146))} -> 0 | R1147: {=MAX(0,R1146+P1147+V1146)} -> 510 | S1147: {=IF(G1147<0,G1147,0)} -> -260 | T1147: {=MIN(0,S1147+R1146+V1146)} -> 0 | U1147: {=MAX(S1147,IF(Q1147>0,MAX(-Q1147,S1147),T1147))} -> 0 | V1147: {=S1147-U1147} -> -260
A1148: {=A1147+1} -> 44238 | B1148: {=YEAR(A1148)} -> 2021 | C1148: {=MONTH(A1148)} -> 2 | D1148: {='P'!D1148} -> 186550 | E1148: {='C'!E1148} -> 253060 | F1148: {=D1148+E1148} -> 439610 | G1148: {=F1148-F1147} -> 270 | H1148: {=IF(G1148>0,G1148,0)} -> 270 | I1148: {=MAX($F$709:F1148)} -> 489720 | K1148: {=MAX(0,I1148-I1147)} -> 0 | L1148: {=MIN(F1148:F1177)} -> 435900 | M1148: {=MAX(0,L1148-L1147)} -> 0 | N1148: {=MIN(M1148,H1148-K1148)} -> 0 | O1148: {=K1148+N1148} -> 0 | P1148: {=H1148-O1148} -> 270 | Q1148: {=MAX(0,IF(AND(K1148=0,P1148>0),0,Q1147+K1148+U1147))} -> 0 | R1148: {=MAX(0,R1147+P1148+V1147)} -> 520 | S1148: {=IF(G1148<0,G1148,0)} -> 0 | T1148: {=MIN(0,S1148+R1147+V1147)} -> 0 | U1148: {=MAX(S1148,IF(Q1148>0,MAX(-Q1148,S1148),T1148))} -> 0 | V1148: {=S1148-U1148} -> 0
A1149: {=A1148+1} -> 44239 | B1149: {=YEAR(A1149)} -> 2021 | C1149: {=MONTH(A1149)} -> 2 | D1149: {='P'!D1149} -> 186680 | E1149: {='C'!E1149} -> 252940 | F1149: {=D1149+E1149} -> 439620 | G1149: {=F1149-F1148} -> 10 | H1149: {=IF(G1149>0,G1149,0)} -> 10 | I1149: {=MAX($F$709:F1149)} -> 489720 | K1149: {=MAX(0,I1149-I1148)} -> 0 | L1149: {=MIN(F1149:F1178)} -> 435660 | M1149: {=MAX(0,L1149-L1148)} -> 0 | N1149: {=MIN(M1149,H1149-K1149)} -> 0 | O1149: {=K1149+N1149} -> 0 | P1149: {=H1149-O1149} -> 10 | Q1149: {=MAX(0,IF(AND(K1149=0,P1149>0),0,Q1148+K1149+U1148))} -> 0 | R1149: {=MAX(0,R1148+P1149+V1148)} -> 530 | S1149: {=IF(G1149<0,G1149,0)} -> 0 | T1149: {=MIN(0,S1149+R1148+V1148)} -> 0 | U1149: {=MAX(S1149,IF(Q1149>0,MAX(-Q1149,S1149),T1149))} -> 0 | V1149: {=S1149-U1149} -> 0
A1150: {=A1149+1} -> 44240 | B1150: {=YEAR(A1150)} -> 2021 | C1150: {=MONTH(A1150)} -> 2 | D1150: {='P'!D1150} -> 186890 | E1150: {='C'!E1150} -> 252700 | F1150: {=D1150+E1150} -> 439590 | G1150: {=F1150-F1149} -> -30 | H1150: {=IF(G1150>0,G1150,0)} -> 0 | I1150: {=MAX($F$709:F1150)} -> 489720 | K1150: {=MAX(0,I1150-I1149)} -> 0 | L1150: {=MIN(F1150:F1179)} -> 435660 | M1150: {=MAX(0,L1150-L1149)} -> 0 | N1150: {=MIN(M1150,H1150-K1150)} -> 0 | O1150: {=K1150+N1150} -> 0 | P1150: {=H1150-O1150} -> 0 | Q1150: {=MAX(0,IF(AND(K1150=0,P1150>0),0,Q1149+K1150+U1149))} -> 0 | R1150: {=MAX(0,R1149+P1150+V1149)} -> 530 | S1150: {=IF(G1150<0,G1150,0)} -> -30 | T1150: {=MIN(0,S1150+R1149+V1149)} -> 0 | U1150: {=MAX(S1150,IF(Q1150>0,MAX(-Q1150,S1150),T1150))} -> 0 | V1150: {=S1150-U1150} -> -30
... A1401: {=A1400+1} -> 44491 | B1401: {=YEAR(A1401)} -> 2021 | C1401: {=MONTH(A1401)} -> 10 | D1401: {='P'!D1401} -> 147950 | E1401: {='C'!E1401} -> 174230 | F1401: {=D1401+E1401} -> 322180 | G1401: {=F1401-F1400} -> 110 | H1401: {=IF(G1401>0,G1401,0)} -> 110 | I1401: {=MAX($F$709:F1401)} -> 489720 | K1401: {=MAX(0,I1401-I1400)} -> 0 | L1401: {=MIN(F1401:F1430)} -> 322160 | M1401: {=MAX(0,L1401-L1400)} -> 90 | N1401: {=MIN(M1401,H1401-K1401)} -> 90 | O1401: {=K1401+N1401} -> 90 | P1401: {=H1401-O1401} -> 20 | Q1401: {=MAX(0,IF(AND(K1401=0,P1401>0),0,Q1400+K1401+U1400))} -> 0 | R1401: {=MAX(0,R1400+P1401+V1400)} -> 20 | S1401: {=IF(G1401<0,G1401,0)} -> 0 | T1401: {=MIN(0,S1401+R1400+V1400)} -> 0 | U1401: {=MAX(S1401,IF(Q1401>0,MAX(-Q1401,S1401),T1401))} -> 0 | V1401: {=S1401-U1401} -> 0
A1402: {=A1401+1} -> 44492 | B1402: {=YEAR(A1402)} -> 2021 | C1402: {=MONTH(A1402)} -> 10 | D1402: {='P'!D1402} -> 148310 | E1402: {='C'!E1402} -> 173850 | F1402: {=D1402+E1402} -> 322160 | G1402: {=F1402-F1401} -> -20 | H1402: {=IF(G1402>0,G1402,0)} -> 0 | I1402: {=MAX($F$1402:F1402)} -> 322160 | J1402: <--- | K1402: {=MAX(0,I1402-I1401)} -> 0 | L1402: {=MIN(F1402:F1431)} -> 322160 | M1402: {=MAX(0,L1402-L1401)} -> 0 | N1402: {=MIN(M1402,H1402-K1402)} -> 0 | O1402: {=K1402+N1402} -> 0 | P1402: {=H1402-O1402} -> 0 | Q1402: {=MAX(0,IF(AND(K1402=0,P1402>0),0,Q1401+K1402+U1401))} -> 0 | R1402: {=MAX(0,R1401+P1402+V1401)} -> 20 | S1402: {=IF(G1402<0,G1402,0)} -> -20 | T1402: {=MIN(0,S1402+R1401+V1401)} -> 0 | U1402: {=MAX(S1402,IF(Q1402>0,MAX(-Q1402,S1402),T1402))} -> 0 | V1402: {=S1402-U1402} -> -20
A1403: {=A1402+1} -> 44493 | B1403: {=YEAR(A1403)} -> 2021 | C1403: {=MONTH(A1403)} -> 10 | D1403: {='P'!D1403} -> 149190 | E1403: {='C'!E1403} -> 175890 | F1403: {=D1403+E1403} -> 325080 | G1403: {=F1403-F1402} -> 2920 | H1403: {=IF(G1403>0,G1403,0)} -> 2920 | I1403: {=MAX($F$1402:F1403)} -> 325080 | K1403: {=MAX(0,I1403-I1402)} -> 2920 | L1403: {=MIN(F1403:F1432)} -> 325080 | M1403: {=MAX(0,L1403-L1402)} -> 2920 | N1403: {=MIN(M1403,H1403-K1403)} -> 0 | O1403: {=K1403+N1403} -> 2920 | P1403: {=H1403-O1403} -> 0 | Q1403: {=MAX(0,IF(AND(K1403=0,P1403>0),0,Q1402+K1403+U1402))} -> 2920 | R1403: {=MAX(0,R1402+P1403+V1402)} -> 0 | S1403: {=IF(G1403<0,G1403,0)} -> 0 | T1403: {=MIN(0,S1403+R1402+V1402)} -> 0 | U1403: {=MAX(S1403,IF(Q1403>0,MAX(-Q1403,S1403),T1403))} -> 0 | V1403: {=S1403-U1403} -> 0
A1404: {=A1403+1} -> 44494 | B1404: {=YEAR(A1404)} -> 2021 | C1404: {=MONTH(A1404)} -> 10 | D1404: {='P'!D1404} -> 154750 | E1404: {='C'!E1404} -> 178040 | F1404: {=D1404+E1404} -> 332790 | G1404: {=F1404-F1403} -> 7710 | H1404: {=IF(G1404>0,G1404,0)} -> 7710 | I1404: {=MAX($F$1402:F1404)} -> 332790 | K1404: {=MAX(0,I1404-I1403)} -> 7710 | L1404: {=MIN(F1404:F1433)} -> 332790 | M1404: {=MAX(0,L1404-L1403)} -> 7710 | N1404: {=MIN(M1404,H1404-K1404)} -> 0 | O1404: {=K1404+N1404} -> 7710 | P1404: {=H1404-O1404} -> 0 | Q1404: {=MAX(0,IF(AND(K1404=0,P1404>0),0,Q1403+K1404+U1403))} -> 10630 | R1404: {=MAX(0,R1403+P1404+V1403)} -> 0 | S1404: {=IF(G1404<0,G1404,0)} -> 0 | T1404: {=MIN(0,S1404+R1403+V1403)} -> 0 | U1404: {=MAX(S1404,IF(Q1404>0,MAX(-Q1404,S1404),T1404))} -> 0 | V1404: {=S1404-U1404} -> 0
A1405: {=A1404+1} -> 44495 | B1405: {=YEAR(A1405)} -> 2021 | C1405: {=MONTH(A1405)} -> 10 | D1405: {='P'!D1405} -> 155960 | E1405: {='C'!E1405} -> 177990 | F1405: {=D1405+E1405} -> 333950 | G1405: {=F1405-F1404} -> 1160 | H1405: {=IF(G1405>0,G1405,0)} -> 1160 | I1405: {=MAX($F$1402:F1405)} -> 333950 | K1405: {=MAX(0,I1405-I1404)} -> 1160 | L1405: {=MIN(F1405:F1434)} -> 333090 | M1405: {=MAX(0,L1405-L1404)} -> 300 | N1405: {=MIN(M1405,H1405-K1405)} -> 0 | O1405: {=K1405+N1405} -> 1160 | P1405: {=H1405-O1405} -> 0 | Q1405: {=MAX(0,IF(AND(K1405=0,P1405>0),0,Q1404+K1405+U1404))} -> 11790 | R1405: {=MAX(0,R1404+P1405+V1404)} -> 0 | S1405: {=IF(G1405<0,G1405,0)} -> 0 | T1405: {=MIN(0,S1405+R1404+V1404)} -> 0 | U1405: {=MAX(S1405,IF(Q1405>0,MAX(-Q1405,S1405),T1405))} -> 0 | V1405: {=S1405-U1405} -> 0
A1406: {=A1405+1} -> 44496 | B1406: {=YEAR(A1406)} -> 2021 | C1406: {=MONTH(A1406)} -> 10 | D1406: {='P'!D1406} -> 155630 | E1406: {='C'!E1406} -> 178330 | F1406: {=D1406+E1406} -> 333960 | G1406: {=F1406-F1405} -> 10 | H1406: {=IF(G1406>0,G1406,0)} -> 10 | I1406: {=MAX($F$1402:F1406)} -> 333960 | K1406: {=MAX(0,I1406-I1405)} -> 10 | L1406: {=MIN(F1406:F1435)} -> 333090 | M1406: {=MAX(0,L1406-L1405)} -> 0 | N1406: {=MIN(M1406,H1406-K1406)} -> 0 | O1406: {=K1406+N1406} -> 10 | P1406: {=H1406-O1406} -> 0 | Q1406: {=MAX(0,IF(AND(K1406=0,P1406>0),0,Q1405+K1406+U1405))} -> 11800 | R1406: {=MAX(0,R1405+P1406+V1405)} -> 0 | S1406: {=IF(G1406<0,G1406,0)} -> 0 | T1406: {=MIN(0,S1406+R1405+V1405)} -> 0 | U1406: {=MAX(S1406,IF(Q1406>0,MAX(-Q1406,S1406),T1406))} -> 0 | V1406: {=S1406-U1406} -> 0
A1407: {=A1406+1} -> 44497 | B1407: {=YEAR(A1407)} -> 2021 | C1407: {=MONTH(A1407)} -> 10 | D1407: {='P'!D1407} -> 155160 | E1407: {='C'!E1407} -> 178860 | F1407: {=D1407+E1407} -> 334020 | G1407: {=F1407-F1406} -> 60 | H1407: {=IF(G1407>0,G1407,0)} -> 60 | I1407: {=MAX($F$1402:F1407)} -> 334020 | K1407: {=MAX(0,I1407-I1406)} -> 60 | L1407: {=MIN(F1407:F1436)} -> 333090 | M1407: {=MAX(0,L1407-L1406)} -> 0 | N1407: {=MIN(M1407,H1407-K1407)} -> 0 | O1407: {=K1407+N1407} -> 60 | P1407: {=H1407-O1407} -> 0 | Q1407: {=MAX(0,IF(AND(K1407=0,P1407>0),0,Q1406+K1407+U1406))} -> 11860 | R1407: {=MAX(0,R1406+P1407+V1406)} -> 0 | S1407: {=IF(G1407<0,G1407,0)} -> 0 | T1407: {=MIN(0,S1407+R1406+V1406)} -> 0 | U1407: {=MAX(S1407,IF(Q1407>0,MAX(-Q1407,S1407),T1407))} -> 0 | V1407: {=S1407-U1407} -> 0
A1408: {=A1407+1} -> 44498 | B1408: {=YEAR(A1408)} -> 2021 | C1408: {=MONTH(A1408)} -> 10 | D1408: {='P'!D1408} -> 155800 | E1408: {='C'!E1408} -> 178520 | F1408: {=D1408+E1408} -> 334320 | G1408: {=F1408-F1407} -> 300 | H1408: {=IF(G1408>0,G1408,0)} -> 300 | I1408: {=MAX($F$1402:F1408)} -> 334320 | K1408: {=MAX(0,I1408-I1407)} -> 300 | L1408: {=MIN(F1408:F1437)} -> 333090 | M1408: {=MAX(0,L1408-L1407)} -> 0 | N1408: {=MIN(M1408,H1408-K1408)} -> 0 | O1408: {=K1408+N1408} -> 300 | P1408: {=H1408-O1408} -> 0 | Q1408: {=MAX(0,IF(AND(K1408=0,P1408>0),0,Q1407+K1408+U1407))} -> 12160 | R1408: {=MAX(0,R1407+P1408+V1407)} -> 0 | S1408: {=IF(G1408<0,G1408,0)} -> 0 | T1408: {=MIN(0,S1408+R1407+V1407)} -> 0 | U1408: {=MAX(S1408,IF(Q1408>0,MAX(-Q1408,S1408),T1408))} -> 0 | V1408: {=S1408-U1408} -> 0
...

Sheet PV_StoragePlot
A1: Years (Date) | B1: (All)
A2: Months (Date) | B2: (All)
A4: Row Labels | B4: Max of P | C4: Max of C | D4: Max of P+C
A5: 43100 | B5: 192770 | C5: 303310 | D5: 496080
A6: 43101 | B6: 193200 | C6: 302740 | D6: 495940
A7: 43102 | B7: 193720 | C7: 302030 | D7: 495750
A8: 43103 | B8: 194090 | C8: 301770 | D8: 495860
A9: 43104 | B9: 194780 | C9: 301130 | D9: 495910
A10: 43105 | B10: 195360 | C10: 300490 | D10: 495850
A11: 43106 | B11: 196210 | C11: 299970 | D11: 496180
A12: 43107 | B12: 197470 | C12: 299400 | D12: 496870
A13: 43108 | B13: 197280 | C13: 300810 | D13: 498090
A14: 43109 | B14: 197580 | C14: 302160 | D14: 499740
A15: 43110 | B15: 196450 | C15: 303890 | D15: 500340
A16: 43111 | B16: 195320 | C16: 305050 | D16: 500370
... A2501: 45596 | B2501: 148800 | C2501: 333880 | D2501: 482680
A2502: (blank) | B2502: 0 | D2502: 0
A2503: 45597 | B2503: 148730 | C2503: 333810 | D2503: 482540
A2504: 45598 | B2504: 149250 | C2504: 332800 | D2504: 482050
A2505: 45599 | B2505: 149800 | C2505: 331120 | D2505: 480920
A2506: 45600 | B2506: 150680 | C2506: 329650 | D2506: 480330
A2507: 45601 | B2507: 151450 | C2507: 328650 | D2507: 480100
A2508: 45602 | B2508: 152210 | C2508: 328110 | D2508: 480320
A2509: 45603 | B2509: 152930 | C2509: 327370 | D2509: 480300
A2510: 45604 | B2510: 153660 | C2510: 326640 | D2510: 480300
A2511: 45605 | B2511: 154370 | C2511: 326040 | D2511: 480410
A2512: 45606 | B2512: 155100 | C2512: 325370 | D2512: 480470
A2513: 45607 | B2513: 155870 | C2513: 324840 | D2513: 480710
A2514: 45608 | B2514: 156660 | C2514: 324110 | D2514: 480770
... A2868: 45962 | B2868: 185520 | C2868: 303510 | D2868: 489030

Sheet Storage check
D4: Total Collection to Storage
D6: Col M | E6: Col O
D7: Pardee | E7: ParCam | F7: Camanche
A8: Date | B8: Year | C8: month | D8: L11109 | E8: P+C | F8: P10478
D9: (AF) | E9: (AF) | F9: (AF)
A10: 43100
A11: {='P'!A11} -> 43101 | B11: {=YEAR(A11)} -> 2018 | C11: {=MONTH(A11)} -> 1 | D11: {=#REF!} | E11: {='P+C'!O11} -> 0 | F11: {=MAX(0,E11-D11)}
A12: {='P'!A12} -> 43102 | B12: {=YEAR(A12)} -> 2018 | C12: {=MONTH(A12)} -> 1 | D12: {=#REF!} | E12: {='P+C'!O12} -> 0 | F12: {=MAX(0,E12-D12)}
A13: {='P'!A13} -> 43103 | B13: {=YEAR(A13)} -> 2018 | C13: {=MONTH(A13)} -> 1 | D13: {=#REF!} | E13: {='P+C'!O13} -> 100 | F13: {=MAX(0,E13-D13)}
A14: {='P'!A14} -> 43104 | B14: {=YEAR(A14)} -> 2018 | C14: {=MONTH(A14)} -> 1 | D14: {=#REF!} | E14: {='P+C'!O14} -> 0 | F14: {=MAX(0,E14-D14)}
A15: {='P'!A15} -> 43105 | B15: {=YEAR(A15)} -> 2018 | C15: {=MONTH(A15)} -> 1 | D15: {=#REF!} | E15: {='P+C'!O15} -> 0 | F15: {=MAX(0,E15-D15)}
A16: {='P'!A16} -> 43106 | B16: {=YEAR(A16)} -> 2018 | C16: {=MONTH(A16)} -> 1 | D16: {=#REF!} | E16: {='P+C'!O16} -> 330 | F16: {=MAX(0,E16-D16)}
A17: {='P'!A17} -> 43107 | B17: {=YEAR(A17)} -> 2018 | C17: {=MONTH(A17)} -> 1 | D17: {=#REF!} | E17: {='P+C'!O17} -> 690 | F17: {=MAX(0,E17-D17)}
A18: {='P'!A18} -> 43108 | B18: {=YEAR(A18)} -> 2018 | C18: {=MONTH(A18)} -> 1 | D18: {=#REF!} | E18: {='P+C'!O18} -> 1220 | F18: {=MAX(0,E18-D18)}
A19: {='P'!A19} -> 43109 | B19: {=YEAR(A19)} -> 2018 | C19: {=MONTH(A19)} -> 1 | D19: {=#REF!} | E19: {='P+C'!O19} -> 1650 | F19: {=MAX(0,E19-D19)}
A20: {='P'!A20} -> 43110 | B20: {=YEAR(A20)} -> 2018 | C20: {=MONTH(A20)} -> 1 | D20: {=#REF!} | E20: {='P+C'!O20} -> 600 | F20: {=MAX(0,E20-D20)}
A21: {='P'!A21} -> 43111 | B21: {=YEAR(A21)} -> 2018 | C21: {=MONTH(A21)} -> 1 | D21: {=#REF!} | E21: {='P+C'!O21} -> 30 | F21: {=MAX(0,E21-D21)}
A22: {='P'!A22} -> 43112 | B22: {=YEAR(A22)} -> 2018 | C22: {=MONTH(A22)} -> 1 | D22: {=#REF!} | E22: {='P+C'!O22} -> 110 | F22: {=MAX(0,E22-D22)}
... A2141: {='P'!A2141} -> 45231 | B2141: {=YEAR(A2141)} -> 2023 | C2141: {=MONTH(A2141)} -> 11 | D2141: {=#REF!} | E2141: {='P+C'!O2141} -> 0 | F2141: {=MAX(0,E2141-D2141)}

Sheet Nov5 Storage
B1: November 5th Storage
C2: Pardee | D2: Camanche | E2: P+C
B3: 2006 | C3: 163240 | D3: 322334 | E3: 485574
B4: 2007 | C4: 166650 | D4: 211670 | E4: 378320
B5: 2008 | C5: 159700 | D5: 145170 | E5: 304870
B6: 2009 | C6: 165950 | D6: 290700 | E6: 456650
B7: 2010 | C7: 164460 | D7: 283990 | E7: 448450
B8: 2011 | C8: 166510 | D8: 264700 | E8: 431210
B9: 2012 | C9: 182960 | D9: 256110 | E9: 439070
B10: 2013 | C10: 179300 | D10: 251240 | E10: 430540
B11: 2014 | C11: 159850 | D11: 133140 | E11: 292990
B12: 2015 | C12: 106830 | D12: 114970 | E12: 221800
B13: 2016 | C13: 190610 | D13: 282000 | E13: 472610
B14: 2017 | C14: 184640 | D14: 295380 | E14: 480020
B15: 2018 | C15: 181850 | D15: 316060 | E15: 497910
B16: 2019 | C16: {='P'!D307} -> 187100 | D16: {='C'!E307} -> 314940 | E16: {=C16+D16} -> 502040
B17: 2020 | C17: 186260 | D17: 263010 | E17: {=C17+D17} -> 449270
B18: 2021 | C18: 159780 | D18: 173380 | E18: {=C18+D18} -> 333160
B19: 2022 | C19: 180440 | D19: 209500 | E19: {=C19+D19} -> 389940

Sheet Key Dates
A2: Pardee | D2: P+C
A3: Date | B3: Note | D3: Date | E3: Note
A4: 38625 | B4: Moving Max | D4: 38686 | E4: Data Starts
A5: 38717 | B5: Data Starts | D5: 40543 | E5: Moving Max
A6: 38717 | B6: Moving Max Analysis Begins | D6: 40544 | E6: Moving Max Analysis Begins
A7: 38990 | B7: Moving Max | D7: 40543 | E7: Moving Max
A8: 39355 | B8: Moving Max | D8: 40556 | E8: Moving Max
A9: 39721 | B9: Moving Max | D9: 40980 | E9: Moving Max
A10: 40086 | B10: Moving Max | D10: 41227 | E10: Moving Max
A11: 40451 | B11: Moving Max | D11: 41238 | E11: Manual Adjustment
A12: 40495 | B12: Moving Max | D12: 41387 | E12: Manual Adjustment
A13: 40845 | B13: Moving Max | D13: 41944 | E13: Note from Ana: begin this storage season with the end of curtailment on Oct 31, 2014
A14: 41227 | B14: Moving Max | D14: 41964 | E14: [starts referencing 11/1/2014 as Moving Max]
A15: 41238 | B15: Manual Adjustment | D15: 42012 | E15: Manual Adjustment
... A28: 43043 | B28: Moving Max | D28: 44866 | E28: Moving Max
A29: 43124 | B29: Moving Max | D29: 45276
A30: 43471 | B30: Moving Max
A31: 43508 | B31: Moving Max
A32: 43778 | B32: Moving Max
A33: 44490 | B33: Moving Max
A34: 44866 | B34: Moving Max
A36: 45260
